index,path,label
1,train/40.jpg,plastic_bag
2,train/42.jpg,plastic_bag
3,train/48.jpg,plastic_bag
4,train/50.jpg,plastic_bag
5,train/83.jpg,plastic_bag
6,train/90.jpg,plastic_bag
7,train/126.jpg,plastic_bag
8,train/143.jpg,plastic_bag
9,train/149.jpg,plastic_bag
10,train/163.jpg,plastic_bag
11,train/191.jpg,plastic_bag
12,train/213.jpg,plastic_bag
13,train/214.jpg,plastic_bag
14,train/233.jpg,plastic_bag
15,train/239.jpg,plastic_bag
16,train/282.jpg,plastic_bag
17,train/287.jpg,plastic_bag
18,train/301.jpg,plastic_bag
19,train/325.jpg,plastic_bag
20,train/373.jpg,plastic_bag
21,train/377.jpg,plastic_bag
22,train/393.jpg,plastic_bag
23,train/402.jpg,plastic_bag
24,train/435.jpg,plastic_bag
25,train/466.jpg,plastic_bag
26,train/468.jpg,plastic_bag
27,train/493.jpg,plastic_bag
28,train/513.jpg,plastic_bag
29,train/524.jpg,plastic_bag
30,train/607.jpg,plastic_bag
31,train/620.jpg,plastic_bag
32,train/621.jpg,plastic_bag
33,train/622.jpg,plastic_bag
34,train/628.jpg,plastic_bag
35,train/636.jpg,plastic_bag
36,train/658.jpg,plastic_bag
37,train/701.jpg,plastic_bag
38,train/717.jpg,plastic_bag
39,train/737.jpg,plastic_bag
40,train/777.jpg,plastic_bag
41,train/802.jpg,plastic_bag
42,train/834.jpg,plastic_bag
43,train/854.jpg,plastic_bag
44,train/889.jpg,plastic_bag
45,train/890.jpg,plastic_bag
46,train/894.jpg,plastic_bag
47,train/898.jpg,plastic_bag
48,train/909.jpg,plastic_bag
49,train/937.jpg,plastic_bag
50,train/955.jpg,plastic_bag
51,train/982.jpg,plastic_bag
52,train/1009.jpg,plastic_bag
53,train/1038.jpg,plastic_bag
54,train/1105.jpg,plastic_bag
55,train/1110.jpg,plastic_bag
56,train/1127.jpg,plastic_bag
57,train/1134.jpg,plastic_bag
58,train/1173.jpg,plastic_bag
59,train/1233.jpg,plastic_bag
60,train/1263.jpg,plastic_bag
61,train/1271.jpg,plastic_bag
62,train/1273.jpg,plastic_bag
63,train/1289.jpg,plastic_bag
64,train/1314.jpg,plastic_bag
65,train/1328.jpg,plastic_bag
66,train/1329.jpg,plastic_bag
67,train/1375.jpg,plastic_bag
68,train/1379.jpg,plastic_bag
69,train/1431.jpg,plastic_bag
70,train/1472.jpg,plastic_bag
71,train/1474.jpg,plastic_bag
72,train/1518.jpg,plastic_bag
73,train/1527.jpg,plastic_bag
74,train/1534.jpg,plastic_bag
75,train/1546.jpg,plastic_bag
76,train/1553.jpg,plastic_bag
77,train/1567.jpg,plastic_bag
78,train/1617.jpg,plastic_bag
79,train/1.jpg,plastic_bottle
80,train/5.jpg,plastic_bottle
81,train/12.jpg,plastic_bottle
82,train/20.jpg,plastic_bottle
83,train/36.jpg,plastic_bottle
84,train/37.jpg,plastic_bottle
85,train/41.jpg,plastic_bottle
86,train/43.jpg,plastic_bottle
87,train/49.jpg,plastic_bottle
88,train/51.jpg,plastic_bottle
89,train/54.jpg,plastic_bottle
90,train/65.jpg,plastic_bottle
91,train/69.jpg,plastic_bottle
92,train/70.jpg,plastic_bottle
93,train/71.jpg,plastic_bottle
94,train/73.jpg,plastic_bottle
95,train/80.jpg,plastic_bottle
96,train/92.jpg,plastic_bottle
97,train/96.jpg,plastic_bottle
98,train/108.jpg,plastic_bottle
99,train/109.jpg,plastic_bottle
100,train/111.jpg,plastic_bottle
101,train/120.jpg,plastic_bottle
102,train/134.jpg,plastic_bottle
103,train/140.jpg,plastic_bottle
104,train/151.jpg,plastic_bottle
105,train/162.jpg,plastic_bottle
106,train/174.jpg,plastic_bottle
107,train/175.jpg,plastic_bottle
108,train/177.jpg,plastic_bottle
109,train/181.jpg,plastic_bottle
110,train/183.jpg,plastic_bottle
111,train/185.jpg,plastic_bottle
112,train/190.jpg,plastic_bottle
113,train/196.jpg,plastic_bottle
114,train/197.jpg,plastic_bottle
115,train/202.jpg,plastic_bottle
116,train/205.jpg,plastic_bottle
117,train/206.jpg,plastic_bottle
118,train/229.jpg,plastic_bottle
119,train/236.jpg,plastic_bottle
120,train/243.jpg,plastic_bottle
121,train/244.jpg,plastic_bottle
122,train/251.jpg,plastic_bottle
123,train/255.jpg,plastic_bottle
124,train/259.jpg,plastic_bottle
125,train/273.jpg,plastic_bottle
126,train/289.jpg,plastic_bottle
127,train/291.jpg,plastic_bottle
128,train/296.jpg,plastic_bottle
129,train/302.jpg,plastic_bottle
130,train/314.jpg,plastic_bottle
131,train/322.jpg,plastic_bottle
132,train/328.jpg,plastic_bottle
133,train/331.jpg,plastic_bottle
134,train/338.jpg,plastic_bottle
135,train/344.jpg,plastic_bottle
136,train/348.jpg,plastic_bottle
137,train/352.jpg,plastic_bottle
138,train/358.jpg,plastic_bottle
139,train/363.jpg,plastic_bottle
140,train/372.jpg,plastic_bottle
141,train/374.jpg,plastic_bottle
142,train/376.jpg,plastic_bottle
143,train/379.jpg,plastic_bottle
144,train/380.jpg,plastic_bottle
145,train/384.jpg,plastic_bottle
146,train/385.jpg,plastic_bottle
147,train/389.jpg,plastic_bottle
148,train/391.jpg,plastic_bottle
149,train/398.jpg,plastic_bottle
150,train/403.jpg,plastic_bottle
151,train/433.jpg,plastic_bottle
152,train/436.jpg,plastic_bottle
153,train/437.jpg,plastic_bottle
154,train/439.jpg,plastic_bottle
155,train/445.jpg,plastic_bottle
156,train/447.jpg,plastic_bottle
157,train/449.jpg,plastic_bottle
158,train/472.jpg,plastic_bottle
159,train/480.jpg,plastic_bottle
160,train/481.jpg,plastic_bottle
161,train/484.jpg,plastic_bottle
162,train/488.jpg,plastic_bottle
163,train/518.jpg,plastic_bottle
164,train/525.jpg,plastic_bottle
165,train/533.jpg,plastic_bottle
166,train/539.jpg,plastic_bottle
167,train/540.jpg,plastic_bottle
168,train/541.jpg,plastic_bottle
169,train/546.jpg,plastic_bottle
170,train/562.jpg,plastic_bottle
171,train/564.jpg,plastic_bottle
172,train/567.jpg,plastic_bottle
173,train/568.jpg,plastic_bottle
174,train/570.jpg,plastic_bottle
175,train/571.jpg,plastic_bottle
176,train/580.jpg,plastic_bottle
177,train/587.jpg,plastic_bottle
178,train/597.jpg,plastic_bottle
179,train/604.jpg,plastic_bottle
180,train/606.jpg,plastic_bottle
181,train/610.jpg,plastic_bottle
182,train/614.jpg,plastic_bottle
183,train/623.jpg,plastic_bottle
184,train/627.jpg,plastic_bottle
185,train/632.jpg,plastic_bottle
186,train/641.jpg,plastic_bottle
187,train/645.jpg,plastic_bottle
188,train/662.jpg,plastic_bottle
189,train/665.jpg,plastic_bottle
190,train/679.jpg,plastic_bottle
191,train/691.jpg,plastic_bottle
192,train/712.jpg,plastic_bottle
193,train/714.jpg,plastic_bottle
194,train/716.jpg,plastic_bottle
195,train/730.jpg,plastic_bottle
196,train/735.jpg,plastic_bottle
197,train/747.jpg,plastic_bottle
198,train/751.jpg,plastic_bottle
199,train/753.jpg,plastic_bottle
200,train/755.jpg,plastic_bottle
201,train/756.jpg,plastic_bottle
202,train/759.jpg,plastic_bottle
203,train/765.jpg,plastic_bottle
204,train/766.jpg,plastic_bottle
205,train/769.jpg,plastic_bottle
206,train/772.jpg,plastic_bottle
207,train/774.jpg,plastic_bottle
208,train/780.jpg,plastic_bottle
209,train/794.jpg,plastic_bottle
210,train/803.jpg,plastic_bottle
211,train/811.jpg,plastic_bottle
212,train/817.jpg,plastic_bottle
213,train/829.jpg,plastic_bottle
214,train/831.jpg,plastic_bottle
215,train/835.jpg,plastic_bottle
216,train/838.jpg,plastic_bottle
217,train/842.jpg,plastic_bottle
218,train/844.jpg,plastic_bottle
219,train/845.jpg,plastic_bottle
220,train/847.jpg,plastic_bottle
221,train/848.jpg,plastic_bottle
222,train/850.jpg,plastic_bottle
223,train/855.jpg,plastic_bottle
224,train/876.jpg,plastic_bottle
225,train/880.jpg,plastic_bottle
226,train/891.jpg,plastic_bottle
227,train/900.jpg,plastic_bottle
228,train/910.jpg,plastic_bottle
229,train/919.jpg,plastic_bottle
230,train/922.jpg,plastic_bottle
231,train/926.jpg,plastic_bottle
232,train/929.jpg,plastic_bottle
233,train/935.jpg,plastic_bottle
234,train/947.jpg,plastic_bottle
235,train/957.jpg,plastic_bottle
236,train/962.jpg,plastic_bottle
237,train/967.jpg,plastic_bottle
238,train/968.jpg,plastic_bottle
239,train/969.jpg,plastic_bottle
240,train/971.jpg,plastic_bottle
241,train/980.jpg,plastic_bottle
242,train/983.jpg,plastic_bottle
243,train/992.jpg,plastic_bottle
244,train/996.jpg,plastic_bottle
245,train/1001.jpg,plastic_bottle
246,train/1007.jpg,plastic_bottle
247,train/1039.jpg,plastic_bottle
248,train/1042.jpg,plastic_bottle
249,train/1044.jpg,plastic_bottle
250,train/1046.jpg,plastic_bottle
251,train/1053.jpg,plastic_bottle
252,train/1059.jpg,plastic_bottle
253,train/1065.jpg,plastic_bottle
254,train/1066.jpg,plastic_bottle
255,train/1070.jpg,plastic_bottle
256,train/1071.jpg,plastic_bottle
257,train/1084.jpg,plastic_bottle
258,train/1092.jpg,plastic_bottle
259,train/1093.jpg,plastic_bottle
260,train/1109.jpg,plastic_bottle
261,train/1116.jpg,plastic_bottle
262,train/1139.jpg,plastic_bottle
263,train/1147.jpg,plastic_bottle
264,train/1150.jpg,plastic_bottle
265,train/1151.jpg,plastic_bottle
266,train/1158.jpg,plastic_bottle
267,train/1163.jpg,plastic_bottle
268,train/1164.jpg,plastic_bottle
269,train/1170.jpg,plastic_bottle
270,train/1172.jpg,plastic_bottle
271,train/1180.jpg,plastic_bottle
272,train/1181.jpg,plastic_bottle
273,train/1183.jpg,plastic_bottle
274,train/1186.jpg,plastic_bottle
275,train/1210.jpg,plastic_bottle
276,train/1212.jpg,plastic_bottle
277,train/1215.jpg,plastic_bottle
278,train/1222.jpg,plastic_bottle
279,train/1228.jpg,plastic_bottle
280,train/1234.jpg,plastic_bottle
281,train/1241.jpg,plastic_bottle
282,train/1249.jpg,plastic_bottle
283,train/1256.jpg,plastic_bottle
284,train/1268.jpg,plastic_bottle
285,train/1282.jpg,plastic_bottle
286,train/1284.jpg,plastic_bottle
287,train/1287.jpg,plastic_bottle
288,train/1290.jpg,plastic_bottle
289,train/1292.jpg,plastic_bottle
290,train/1297.jpg,plastic_bottle
291,train/1300.jpg,plastic_bottle
292,train/1301.jpg,plastic_bottle
293,train/1308.jpg,plastic_bottle
294,train/1311.jpg,plastic_bottle
295,train/1319.jpg,plastic_bottle
296,train/1324.jpg,plastic_bottle
297,train/1325.jpg,plastic_bottle
298,train/1331.jpg,plastic_bottle
299,train/1335.jpg,plastic_bottle
300,train/1345.jpg,plastic_bottle
301,train/1346.jpg,plastic_bottle
302,train/1348.jpg,plastic_bottle
303,train/1350.jpg,plastic_bottle
304,train/1359.jpg,plastic_bottle
305,train/1373.jpg,plastic_bottle
306,train/1384.jpg,plastic_bottle
307,train/1398.jpg,plastic_bottle
308,train/1400.jpg,plastic_bottle
309,train/1404.jpg,plastic_bottle
310,train/1409.jpg,plastic_bottle
311,train/1412.jpg,plastic_bottle
312,train/1414.jpg,plastic_bottle
313,train/1416.jpg,plastic_bottle
314,train/1420.jpg,plastic_bottle
315,train/1423.jpg,plastic_bottle
316,train/1444.jpg,plastic_bottle
317,train/1469.jpg,plastic_bottle
318,train/1476.jpg,plastic_bottle
319,train/1478.jpg,plastic_bottle
320,train/1483.jpg,plastic_bottle
321,train/1486.jpg,plastic_bottle
322,train/1488.jpg,plastic_bottle
323,train/1496.jpg,plastic_bottle
324,train/1497.jpg,plastic_bottle
325,train/1506.jpg,plastic_bottle
326,train/1509.jpg,plastic_bottle
327,train/1512.jpg,plastic_bottle
328,train/1517.jpg,plastic_bottle
329,train/1531.jpg,plastic_bottle
330,train/1537.jpg,plastic_bottle
331,train/1539.jpg,plastic_bottle
332,train/1548.jpg,plastic_bottle
333,train/1551.jpg,plastic_bottle
334,train/1552.jpg,plastic_bottle
335,train/1556.jpg,plastic_bottle
336,train/1568.jpg,plastic_bottle
337,train/1585.jpg,plastic_bottle
338,train/1589.jpg,plastic_bottle
339,train/1593.jpg,plastic_bottle
340,train/1594.jpg,plastic_bottle
341,train/1600.jpg,plastic_bottle
342,train/1606.jpg,plastic_bottle
343,train/1614.jpg,plastic_bottle
344,train/1623.jpg,plastic_bottle
345,train/1625.jpg,plastic_bottle
346,train/1631.jpg,plastic_bottle
347,train/2.jpg,plastic_bottle_cap
348,train/9.jpg,plastic_bottle_cap
349,train/29.jpg,plastic_bottle_cap
350,train/38.jpg,plastic_bottle_cap
351,train/77.jpg,plastic_bottle_cap
352,train/88.jpg,plastic_bottle_cap
353,train/93.jpg,plastic_bottle_cap
354,train/97.jpg,plastic_bottle_cap
355,train/105.jpg,plastic_bottle_cap
356,train/110.jpg,plastic_bottle_cap
357,train/112.jpg,plastic_bottle_cap
358,train/113.jpg,plastic_bottle_cap
359,train/128.jpg,plastic_bottle_cap
360,train/130.jpg,plastic_bottle_cap
361,train/138.jpg,plastic_bottle_cap
362,train/146.jpg,plastic_bottle_cap
363,train/147.jpg,plastic_bottle_cap
364,train/166.jpg,plastic_bottle_cap
365,train/167.jpg,plastic_bottle_cap
366,train/189.jpg,plastic_bottle_cap
367,train/199.jpg,plastic_bottle_cap
368,train/203.jpg,plastic_bottle_cap
369,train/211.jpg,plastic_bottle_cap
370,train/232.jpg,plastic_bottle_cap
371,train/248.jpg,plastic_bottle_cap
372,train/249.jpg,plastic_bottle_cap
373,train/277.jpg,plastic_bottle_cap
374,train/281.jpg,plastic_bottle_cap
375,train/288.jpg,plastic_bottle_cap
376,train/293.jpg,plastic_bottle_cap
377,train/305.jpg,plastic_bottle_cap
378,train/312.jpg,plastic_bottle_cap
379,train/347.jpg,plastic_bottle_cap
380,train/364.jpg,plastic_bottle_cap
381,train/371.jpg,plastic_bottle_cap
382,train/378.jpg,plastic_bottle_cap
383,train/392.jpg,plastic_bottle_cap
384,train/404.jpg,plastic_bottle_cap
385,train/405.jpg,plastic_bottle_cap
386,train/431.jpg,plastic_bottle_cap
387,train/438.jpg,plastic_bottle_cap
388,train/441.jpg,plastic_bottle_cap
389,train/450.jpg,plastic_bottle_cap
390,train/470.jpg,plastic_bottle_cap
391,train/482.jpg,plastic_bottle_cap
392,train/497.jpg,plastic_bottle_cap
393,train/529.jpg,plastic_bottle_cap
394,train/534.jpg,plastic_bottle_cap
395,train/535.jpg,plastic_bottle_cap
396,train/552.jpg,plastic_bottle_cap
397,train/558.jpg,plastic_bottle_cap
398,train/579.jpg,plastic_bottle_cap
399,train/595.jpg,plastic_bottle_cap
400,train/596.jpg,plastic_bottle_cap
401,train/608.jpg,plastic_bottle_cap
402,train/612.jpg,plastic_bottle_cap
403,train/629.jpg,plastic_bottle_cap
404,train/634.jpg,plastic_bottle_cap
405,train/640.jpg,plastic_bottle_cap
406,train/652.jpg,plastic_bottle_cap
407,train/653.jpg,plastic_bottle_cap
408,train/667.jpg,plastic_bottle_cap
409,train/678.jpg,plastic_bottle_cap
410,train/685.jpg,plastic_bottle_cap
411,train/686.jpg,plastic_bottle_cap
412,train/695.jpg,plastic_bottle_cap
413,train/696.jpg,plastic_bottle_cap
414,train/700.jpg,plastic_bottle_cap
415,train/706.jpg,plastic_bottle_cap
416,train/710.jpg,plastic_bottle_cap
417,train/713.jpg,plastic_bottle_cap
418,train/719.jpg,plastic_bottle_cap
419,train/720.jpg,plastic_bottle_cap
420,train/733.jpg,plastic_bottle_cap
421,train/740.jpg,plastic_bottle_cap
422,train/742.jpg,plastic_bottle_cap
423,train/746.jpg,plastic_bottle_cap
424,train/782.jpg,plastic_bottle_cap
425,train/784.jpg,plastic_bottle_cap
426,train/785.jpg,plastic_bottle_cap
427,train/789.jpg,plastic_bottle_cap
428,train/797.jpg,plastic_bottle_cap
429,train/801.jpg,plastic_bottle_cap
430,train/807.jpg,plastic_bottle_cap
431,train/813.jpg,plastic_bottle_cap
432,train/815.jpg,plastic_bottle_cap
433,train/828.jpg,plastic_bottle_cap
434,train/849.jpg,plastic_bottle_cap
435,train/856.jpg,plastic_bottle_cap
436,train/859.jpg,plastic_bottle_cap
437,train/882.jpg,plastic_bottle_cap
438,train/887.jpg,plastic_bottle_cap
439,train/901.jpg,plastic_bottle_cap
440,train/938.jpg,plastic_bottle_cap
441,train/939.jpg,plastic_bottle_cap
442,train/948.jpg,plastic_bottle_cap
443,train/954.jpg,plastic_bottle_cap
444,train/958.jpg,plastic_bottle_cap
445,train/959.jpg,plastic_bottle_cap
446,train/970.jpg,plastic_bottle_cap
447,train/988.jpg,plastic_bottle_cap
448,train/1010.jpg,plastic_bottle_cap
449,train/1037.jpg,plastic_bottle_cap
450,train/1049.jpg,plastic_bottle_cap
451,train/1083.jpg,plastic_bottle_cap
452,train/1090.jpg,plastic_bottle_cap
453,train/1112.jpg,plastic_bottle_cap
454,train/1133.jpg,plastic_bottle_cap
455,train/1177.jpg,plastic_bottle_cap
456,train/1178.jpg,plastic_bottle_cap
457,train/1200.jpg,plastic_bottle_cap
458,train/1211.jpg,plastic_bottle_cap
459,train/1213.jpg,plastic_bottle_cap
460,train/1217.jpg,plastic_bottle_cap
461,train/1219.jpg,plastic_bottle_cap
462,train/1224.jpg,plastic_bottle_cap
463,train/1229.jpg,plastic_bottle_cap
464,train/1239.jpg,plastic_bottle_cap
465,train/1243.jpg,plastic_bottle_cap
466,train/1254.jpg,plastic_bottle_cap
467,train/1276.jpg,plastic_bottle_cap
468,train/1279.jpg,plastic_bottle_cap
469,train/1280.jpg,plastic_bottle_cap
470,train/1293.jpg,plastic_bottle_cap
471,train/1294.jpg,plastic_bottle_cap
472,train/1298.jpg,plastic_bottle_cap
473,train/1304.jpg,plastic_bottle_cap
474,train/1312.jpg,plastic_bottle_cap
475,train/1318.jpg,plastic_bottle_cap
476,train/1333.jpg,plastic_bottle_cap
477,train/1339.jpg,plastic_bottle_cap
478,train/1354.jpg,plastic_bottle_cap
479,train/1356.jpg,plastic_bottle_cap
480,train/1388.jpg,plastic_bottle_cap
481,train/1389.jpg,plastic_bottle_cap
482,train/1391.jpg,plastic_bottle_cap
483,train/1393.jpg,plastic_bottle_cap
484,train/1394.jpg,plastic_bottle_cap
485,train/1403.jpg,plastic_bottle_cap
486,train/1426.jpg,plastic_bottle_cap
487,train/1432.jpg,plastic_bottle_cap
488,train/1439.jpg,plastic_bottle_cap
489,train/1459.jpg,plastic_bottle_cap
490,train/1466.jpg,plastic_bottle_cap
491,train/1477.jpg,plastic_bottle_cap
492,train/1502.jpg,plastic_bottle_cap
493,train/1513.jpg,plastic_bottle_cap
494,train/1520.jpg,plastic_bottle_cap
495,train/1523.jpg,plastic_bottle_cap
496,train/1545.jpg,plastic_bottle_cap
497,train/1547.jpg,plastic_bottle_cap
498,train/1571.jpg,plastic_bottle_cap
499,train/1590.jpg,plastic_bottle_cap
500,train/1602.jpg,plastic_bottle_cap
501,train/1620.jpg,plastic_bottle_cap
502,train/1633.jpg,plastic_bottle_cap
503,train/1637.jpg,plastic_bottle_cap
504,train/1638.jpg,plastic_bottle_cap
505,train/1643.jpg,plastic_bottle_cap
506,train/1644.jpg,plastic_bottle_cap
507,train/1645.jpg,plastic_bottle_cap
508,train/1646.jpg,plastic_bottle_cap
509,train/1647.jpg,plastic_bottle_cap
510,train/1657.jpg,plastic_bottle_cap
511,train/1658.jpg,plastic_bottle_cap
512,train/1659.jpg,plastic_bottle_cap
513,train/1660.jpg,plastic_bottle_cap
514,train/1661.jpg,plastic_bottle_cap
515,train/1662.jpg,plastic_bottle_cap
516,train/1663.jpg,plastic_bottle_cap
517,train/1664.jpg,plastic_bottle_cap
518,train/1665.jpg,plastic_bottle_cap
519,train/1666.jpg,plastic_bottle_cap
520,train/1667.jpg,plastic_bottle_cap
521,train/1668.jpg,plastic_bottle_cap
522,train/1669.jpg,plastic_bottle_cap
523,train/1670.jpg,plastic_bottle_cap
524,train/1671.jpg,plastic_bottle_cap
525,train/1672.jpg,plastic_bottle_cap
526,train/1673.jpg,plastic_bottle_cap
527,train/1674.jpg,plastic_bottle_cap
528,train/1675.jpg,plastic_bottle_cap
529,train/1676.jpg,plastic_bottle_cap
530,train/1677.jpg,plastic_bottle_cap
531,train/1678.jpg,plastic_bottle_cap
532,train/1679.jpg,plastic_bottle_cap
533,train/1680.jpg,plastic_bottle_cap
534,train/1681.jpg,plastic_bottle_cap
535,"train/1682,jpg",plastic_bottle_cap
536,"train/1683,jpg",plastic_bottle_cap
537,train/6.jpg,plastic_container
538,train/28.jpg,plastic_container
539,train/86.jpg,plastic_container
540,train/119.jpg,plastic_container
541,train/210.jpg,plastic_container
542,train/265.jpg,plastic_container
543,train/311.jpg,plastic_container
544,train/318.jpg,plastic_container
545,train/406.jpg,plastic_container
546,train/430.jpg,plastic_container
547,train/461.jpg,plastic_container
548,train/681.jpg,plastic_container
549,train/725.jpg,plastic_container
550,train/762.jpg,plastic_container
551,train/783.jpg,plastic_container
552,train/800.jpg,plastic_container
553,train/861.jpg,plastic_container
554,train/875.jpg,plastic_container
555,train/897.jpg,plastic_container
556,train/1152.jpg,plastic_container
557,train/1155.jpg,plastic_container
558,train/1189.jpg,plastic_container
559,train/1205.jpg,plastic_container
560,train/1363.jpg,plastic_container
561,train/1441.jpg,plastic_container
562,train/1473.jpg,plastic_container
563,train/1489.jpg,plastic_container
564,train/1510.jpg,plastic_container
565,train/1511.jpg,plastic_container
566,"train/1695,jpg",plastic_container
567,"train/1696,jpg",plastic_container
568,"train/1697,jpg",plastic_container
569,"train/1698,jpg",plastic_container
570,"train/1699,jpg",plastic_container
571,"train/1700,jpg",plastic_container
572,"train/1701,jpg",plastic_container
573,"train/1702,jpg",plastic_container
574,"train/1703,jpg",plastic_container
575,"train/1704,jpg",plastic_container
576,train/26.jpg,plastic_cup
577,train/27.jpg,plastic_cup
578,train/56.jpg,plastic_cup
579,train/63.jpg,plastic_cup
580,train/67.jpg,plastic_cup
581,train/84.jpg,plastic_cup
582,train/91.jpg,plastic_cup
583,train/95.jpg,plastic_cup
584,train/117.jpg,plastic_cup
585,train/137.jpg,plastic_cup
586,train/182.jpg,plastic_cup
587,train/186.jpg,plastic_cup
588,train/188.jpg,plastic_cup
589,train/193.jpg,plastic_cup
590,train/208.jpg,plastic_cup
591,train/218.jpg,plastic_cup
592,train/222.jpg,plastic_cup
593,train/223.jpg,plastic_cup
594,train/225.jpg,plastic_cup
595,train/226.jpg,plastic_cup
596,train/234.jpg,plastic_cup
597,train/238.jpg,plastic_cup
598,train/240.jpg,plastic_cup
599,train/246.jpg,plastic_cup
600,train/269.jpg,plastic_cup
601,train/275.jpg,plastic_cup
602,train/278.jpg,plastic_cup
603,train/284.jpg,plastic_cup
604,train/297.jpg,plastic_cup
605,train/327.jpg,plastic_cup
606,train/355.jpg,plastic_cup
607,train/359.jpg,plastic_cup
608,train/362.jpg,plastic_cup
609,train/504.jpg,plastic_cup
610,train/510.jpg,plastic_cup
611,train/515.jpg,plastic_cup
612,train/526.jpg,plastic_cup
613,train/538.jpg,plastic_cup
614,train/549.jpg,plastic_cup
615,train/557.jpg,plastic_cup
616,train/560.jpg,plastic_cup
617,train/577.jpg,plastic_cup
618,train/669.jpg,plastic_cup
619,train/673.jpg,plastic_cup
620,train/711.jpg,plastic_cup
621,train/726.jpg,plastic_cup
622,train/775.jpg,plastic_cup
623,train/819.jpg,plastic_cup
624,train/863.jpg,plastic_cup
625,train/867.jpg,plastic_cup
626,train/868.jpg,plastic_cup
627,train/883.jpg,plastic_cup
628,train/907.jpg,plastic_cup
629,train/908.jpg,plastic_cup
630,train/945.jpg,plastic_cup
631,train/977.jpg,plastic_cup
632,train/989.jpg,plastic_cup
633,train/1021.jpg,plastic_cup
634,train/1029.jpg,plastic_cup
635,train/1058.jpg,plastic_cup
636,train/1060.jpg,plastic_cup
637,train/1075.jpg,plastic_cup
638,train/1088.jpg,plastic_cup
639,train/1095.jpg,plastic_cup
640,train/1106.jpg,plastic_cup
641,train/1119.jpg,plastic_cup
642,train/1148.jpg,plastic_cup
643,train/1149.jpg,plastic_cup
644,train/1187.jpg,plastic_cup
645,train/1235.jpg,plastic_cup
646,train/1302.jpg,plastic_cup
647,train/1317.jpg,plastic_cup
648,train/1326.jpg,plastic_cup
649,train/1401.jpg,plastic_cup
650,train/1461.jpg,plastic_cup
651,train/1487.jpg,plastic_cup
652,train/1544.jpg,plastic_cup
653,train/1580.jpg,plastic_cup
654,train/1597.jpg,plastic_cup
655,train/1609.jpg,plastic_cup
656,train/1624.jpg,plastic_cup
657,train/14.jpg,plastic_lid
658,train/47.jpg,plastic_lid
659,train/124.jpg,plastic_lid
660,train/156.jpg,plastic_lid
661,train/171.jpg,plastic_lid
662,train/178.jpg,plastic_lid
663,train/184.jpg,plastic_lid
664,train/201.jpg,plastic_lid
665,train/227.jpg,plastic_lid
666,train/260.jpg,plastic_lid
667,train/261.jpg,plastic_lid
668,train/268.jpg,plastic_lid
669,train/320.jpg,plastic_lid
670,train/336.jpg,plastic_lid
671,train/349.jpg,plastic_lid
672,train/356.jpg,plastic_lid
673,train/419.jpg,plastic_lid
674,train/442.jpg,plastic_lid
675,train/443.jpg,plastic_lid
676,train/527.jpg,plastic_lid
677,train/583.jpg,plastic_lid
678,train/591.jpg,plastic_lid
679,train/592.jpg,plastic_lid
680,train/643.jpg,plastic_lid
681,train/693.jpg,plastic_lid
682,train/723.jpg,plastic_lid
683,train/792.jpg,plastic_lid
684,train/833.jpg,plastic_lid
685,train/866.jpg,plastic_lid
686,train/923.jpg,plastic_lid
687,train/925.jpg,plastic_lid
688,train/953.jpg,plastic_lid
689,train/986.jpg,plastic_lid
690,train/1024.jpg,plastic_lid
691,train/1036.jpg,plastic_lid
692,train/1048.jpg,plastic_lid
693,train/1063.jpg,plastic_lid
694,train/1096.jpg,plastic_lid
695,train/1123.jpg,plastic_lid
696,train/1135.jpg,plastic_lid
697,train/1143.jpg,plastic_lid
698,train/1162.jpg,plastic_lid
699,train/1204.jpg,plastic_lid
700,train/1242.jpg,plastic_lid
701,train/1252.jpg,plastic_lid
702,train/1253.jpg,plastic_lid
703,train/1258.jpg,plastic_lid
704,train/1259.jpg,plastic_lid
705,train/1299.jpg,plastic_lid
706,train/1321.jpg,plastic_lid
707,train/1367.jpg,plastic_lid
708,train/1374.jpg,plastic_lid
709,train/1386.jpg,plastic_lid
710,train/1390.jpg,plastic_lid
711,train/1424.jpg,plastic_lid
712,train/1455.jpg,plastic_lid
713,train/1494.jpg,plastic_lid
714,train/1525.jpg,plastic_lid
715,train/1554.jpg,plastic_lid
716,train/1560.jpg,plastic_lid
717,train/1577.jpg,plastic_lid
718,train/1618.jpg,plastic_lid
719,train/3.jpg,plastic_straw
720,train/13.jpg,plastic_straw
721,train/31.jpg,plastic_straw
722,train/53.jpg,plastic_straw
723,train/55.jpg,plastic_straw
724,train/74.jpg,plastic_straw
725,train/76.jpg,plastic_straw
726,train/79.jpg,plastic_straw
727,train/81.jpg,plastic_straw
728,train/82.jpg,plastic_straw
729,train/87.jpg,plastic_straw
730,train/94.jpg,plastic_straw
731,train/104.jpg,plastic_straw
732,train/115.jpg,plastic_straw
733,train/118.jpg,plastic_straw
734,train/131.jpg,plastic_straw
735,train/152.jpg,plastic_straw
736,train/180.jpg,plastic_straw
737,train/194.jpg,plastic_straw
738,train/207.jpg,plastic_straw
739,train/237.jpg,plastic_straw
740,train/245.jpg,plastic_straw
741,train/262.jpg,plastic_straw
742,train/290.jpg,plastic_straw
743,train/316.jpg,plastic_straw
744,train/317.jpg,plastic_straw
745,train/332.jpg,plastic_straw
746,train/342.jpg,plastic_straw
747,train/345.jpg,plastic_straw
748,train/382.jpg,plastic_straw
749,train/410.jpg,plastic_straw
750,train/412.jpg,plastic_straw
751,train/428.jpg,plastic_straw
752,train/471.jpg,plastic_straw
753,train/501.jpg,plastic_straw
754,train/544.jpg,plastic_straw
755,train/547.jpg,plastic_straw
756,train/573.jpg,plastic_straw
757,train/585.jpg,plastic_straw
758,train/589.jpg,plastic_straw
759,train/624.jpg,plastic_straw
760,train/630.jpg,plastic_straw
761,train/648.jpg,plastic_straw
762,train/659.jpg,plastic_straw
763,train/688.jpg,plastic_straw
764,train/698.jpg,plastic_straw
765,train/702.jpg,plastic_straw
766,train/707.jpg,plastic_straw
767,train/708.jpg,plastic_straw
768,train/732.jpg,plastic_straw
769,train/738.jpg,plastic_straw
770,train/745.jpg,plastic_straw
771,train/760.jpg,plastic_straw
772,train/768.jpg,plastic_straw
773,train/806.jpg,plastic_straw
774,train/816.jpg,plastic_straw
775,train/869.jpg,plastic_straw
776,train/870.jpg,plastic_straw
777,train/878.jpg,plastic_straw
778,train/895.jpg,plastic_straw
779,train/912.jpg,plastic_straw
780,train/924.jpg,plastic_straw
781,train/981.jpg,plastic_straw
782,train/994.jpg,plastic_straw
783,train/1008.jpg,plastic_straw
784,train/1017.jpg,plastic_straw
785,train/1018.jpg,plastic_straw
786,train/1023.jpg,plastic_straw
787,train/1050.jpg,plastic_straw
788,train/1062.jpg,plastic_straw
789,train/1064.jpg,plastic_straw
790,train/1085.jpg,plastic_straw
791,train/1104.jpg,plastic_straw
792,train/1114.jpg,plastic_straw
793,train/1120.jpg,plastic_straw
794,train/1122.jpg,plastic_straw
795,train/1124.jpg,plastic_straw
796,train/1132.jpg,plastic_straw
797,train/1167.jpg,plastic_straw
798,train/1175.jpg,plastic_straw
799,train/1195.jpg,plastic_straw
800,train/1201.jpg,plastic_straw
801,train/1206.jpg,plastic_straw
802,train/1231.jpg,plastic_straw
803,train/1236.jpg,plastic_straw
804,train/1266.jpg,plastic_straw
805,train/1269.jpg,plastic_straw
806,train/1296.jpg,plastic_straw
807,train/1332.jpg,plastic_straw
808,train/1344.jpg,plastic_straw
809,train/1352.jpg,plastic_straw
810,train/1357.jpg,plastic_straw
811,train/1396.jpg,plastic_straw
812,train/1411.jpg,plastic_straw
813,train/1430.jpg,plastic_straw
814,train/1462.jpg,plastic_straw
815,train/1464.jpg,plastic_straw
816,train/1468.jpg,plastic_straw
817,train/1498.jpg,plastic_straw
818,train/1503.jpg,plastic_straw
819,train/1514.jpg,plastic_straw
820,train/1526.jpg,plastic_straw
821,train/1538.jpg,plastic_straw
822,train/1541.jpg,plastic_straw
823,train/1562.jpg,plastic_straw
824,train/1569.jpg,plastic_straw
825,train/1627.jpg,plastic_straw
826,train/10.jpg,plastic_tableware
827,train/52.jpg,plastic_tableware
828,train/68.jpg,plastic_tableware
829,train/106.jpg,plastic_tableware
830,train/133.jpg,plastic_tableware
831,train/212.jpg,plastic_tableware
832,train/231.jpg,plastic_tableware
833,train/247.jpg,plastic_tableware
834,train/280.jpg,plastic_tableware
835,train/324.jpg,plastic_tableware
836,train/440.jpg,plastic_tableware
837,train/492.jpg,plastic_tableware
838,train/495.jpg,plastic_tableware
839,train/516.jpg,plastic_tableware
840,train/565.jpg,plastic_tableware
841,train/814.jpg,plastic_tableware
842,train/827.jpg,plastic_tableware
843,train/874.jpg,plastic_tableware
844,train/902.jpg,plastic_tableware
845,train/921.jpg,plastic_tableware
846,train/949.jpg,plastic_tableware
847,train/999.jpg,plastic_tableware
848,train/1286.jpg,plastic_tableware
849,train/1436.jpg,plastic_tableware
850,train/1437.jpg,plastic_tableware
851,train/1453.jpg,plastic_tableware
852,train/1576.jpg,plastic_tableware
853,train/1634.jpg,plastic_tableware
854,"train/1705,jpg",plastic_tableware
855,"train/1706,jpg",plastic_tableware
856,"train/1707,jpg",plastic_tableware
857,"train/1708,jpg",plastic_tableware
858,"train/1709,jpg",plastic_tableware
859,"train/1710,jpg",plastic_tableware
860,"train/1711,jpg",plastic_tableware
861,"train/1712,jpg",plastic_tableware
862,"train/1713,jpg",plastic_tableware
863,"train/1714,jpg",plastic_tableware
864,"train/1715,jpg",plastic_tableware
865,"train/1716,jpg",plastic_tableware
866,"train/1717,jpg",plastic_tableware
