index,path,label
0,train/0.jpg,metal_can
1,train/7.jpg,paper_cup
2,train/18.jpg,metal_can
3,train/25.jpg,paper_cup
4,train/30.jpg,metal_can
5,train/34.jpg,paper_cup
6,train/35.jpg,metal_can
7,train/60.jpg,metal_can
8,train/61.jpg,paper_cup
9,train/64.jpg,metal_can
10,train/66.jpg,paper_cup
11,train/75.jpg,metal_can
12,train/102.jpg,metal_can
13,train/103.jpg,metal_can
14,train/121.jpg,metal_can
15,train/123.jpg,metal_can
16,train/164.jpg,metal_can
17,train/169.jpg,paper_cup
18,train/170.jpg,metal_can
19,train/198.jpg,paper_cup
20,train/220.jpg,metal_can
21,train/230.jpg,metal_can
22,train/272.jpg,metal_can
23,train/303.jpg,metal_can
24,train/304.jpg,metal_can
25,train/307.jpg,metal_can
26,train/319.jpg,metal_can
27,train/326.jpg,paper_cup
28,train/334.jpg,paper_cup
29,train/337.jpg,metal_can
30,train/339.jpg,metal_can
31,train/340.jpg,metal_can
32,train/341.jpg,metal_can
33,train/343.jpg,metal_can
34,train/346.jpg,paper_cup
35,train/353.jpg,paper_cup
36,train/354.jpg,metal_can
37,train/365.jpg,metal_can
38,train/370.jpg,metal_can
39,train/386.jpg,metal_can
40,train/397.jpg,paper_cup
41,train/409.jpg,metal_can
42,train/422.jpg,metal_can
43,train/425.jpg,paper_cup
44,train/434.jpg,paper_cup
45,train/444.jpg,metal_can
46,train/446.jpg,metal_can
47,train/451.jpg,metal_can
48,train/452.jpg,metal_can
49,train/454.jpg,metal_can
50,train/465.jpg,metal_can
51,train/473.jpg,metal_can
52,train/474.jpg,metal_can
53,train/476.jpg,paper_cup
54,train/479.jpg,metal_can
55,train/485.jpg,metal_can
56,train/489.jpg,metal_can
57,train/494.jpg,metal_can
58,train/502.jpg,metal_can
59,train/506.jpg,metal_can
60,train/508.jpg,metal_can
61,train/521.jpg,metal_can
62,train/528.jpg,paper_cup
63,train/532.jpg,metal_can
64,train/548.jpg,metal_can
65,train/559.jpg,metal_can
66,train/563.jpg,metal_can
67,train/599.jpg,paper_cup
68,train/601.jpg,metal_can
69,train/605.jpg,paper_cup
70,train/611.jpg,metal_can
71,train/635.jpg,metal_can
72,train/647.jpg,metal_can
73,train/657.jpg,paper_cup
74,train/660.jpg,metal_can
75,train/663.jpg,metal_can
76,train/664.jpg,metal_can
77,train/666.jpg,metal_can
78,train/674.jpg,metal_can
79,train/682.jpg,metal_can
80,train/687.jpg,metal_can
81,train/689.jpg,metal_can
82,train/694.jpg,metal_can
83,train/697.jpg,metal_can
84,train/704.jpg,metal_can
85,train/705.jpg,metal_can
86,train/709.jpg,metal_can
87,train/721.jpg,metal_can
88,train/728.jpg,metal_can
89,train/734.jpg,paper_cup
90,train/739.jpg,paper_cup
91,train/749.jpg,paper_cup
92,train/752.jpg,paper_cup
93,train/764.jpg,metal_can
94,train/776.jpg,metal_can
95,train/781.jpg,metal_can
96,train/787.jpg,paper_cup
97,train/793.jpg,paper_cup
98,train/808.jpg,metal_can
99,train/832.jpg,metal_can
100,train/840.jpg,paper_cup
101,train/846.jpg,metal_can
102,train/851.jpg,metal_can
103,train/881.jpg,metal_can
104,train/886.jpg,metal_can
105,train/888.jpg,paper_cup
106,train/903.jpg,metal_can
107,train/905.jpg,metal_can
108,train/920.jpg,metal_can
109,train/930.jpg,metal_can
110,train/931.jpg,paper_cup
111,train/936.jpg,metal_can
112,train/943.jpg,paper_cup
113,train/944.jpg,metal_can
114,train/952.jpg,metal_can
115,train/956.jpg,metal_can
116,train/961.jpg,metal_can
117,train/963.jpg,metal_can
118,train/974.jpg,metal_can
119,train/975.jpg,paper_cup
120,train/984.jpg,metal_can
121,train/991.jpg,metal_can
122,train/993.jpg,metal_can
123,train/997.jpg,metal_can
124,train/998.jpg,paper_cup
125,train/1012.jpg,metal_can
126,train/1020.jpg,paper_cup
127,train/1022.jpg,metal_can
128,train/1028.jpg,metal_can
129,train/1031.jpg,metal_can
130,train/1032.jpg,metal_can
131,train/1034.jpg,paper_cup
132,train/1051.jpg,metal_can
133,train/1052.jpg,paper_cup
134,train/1054.jpg,metal_can
135,train/1067.jpg,metal_can
136,train/1068.jpg,metal_can
137,train/1072.jpg,paper_cup
138,train/1073.jpg,metal_can
139,train/1074.jpg,metal_can
140,train/1078.jpg,metal_can
141,train/1087.jpg,metal_can
142,train/1108.jpg,paper_cup
143,train/1115.jpg,metal_can
144,train/1125.jpg,metal_can
145,train/1126.jpg,metal_can
146,train/1128.jpg,metal_can
147,train/1136.jpg,metal_can
148,train/1140.jpg,metal_can
149,train/1144.jpg,metal_can
150,train/1145.jpg,paper_cup
151,train/1153.jpg,paper_cup
152,train/1154.jpg,metal_can
153,train/1160.jpg,paper_cup
154,train/1161.jpg,metal_can
155,train/1169.jpg,metal_can
156,train/1176.jpg,metal_can
157,train/1179.jpg,paper_cup
158,train/1182.jpg,metal_can
159,train/1184.jpg,metal_can
160,train/1188.jpg,metal_can
161,train/1192.jpg,metal_can
162,train/1196.jpg,metal_can
163,train/1202.jpg,metal_can
164,train/1214.jpg,metal_can
165,train/1223.jpg,paper_cup
166,train/1226.jpg,metal_can
167,train/1240.jpg,metal_can
168,train/1246.jpg,metal_can
169,train/1247.jpg,metal_can
170,train/1248.jpg,paper_cup
171,train/1250.jpg,paper_cup
172,train/1251.jpg,metal_can
173,train/1265.jpg,metal_can
174,train/1267.jpg,paper_cup
175,train/1270.jpg,metal_can
176,train/1275.jpg,metal_can
177,train/1283.jpg,metal_can
178,train/1285.jpg,metal_can
179,train/1310.jpg,metal_can
180,train/1313.jpg,metal_can
181,train/1320.jpg,metal_can
182,train/1323.jpg,metal_can
183,train/1330.jpg,metal_can
184,train/1336.jpg,metal_can
185,train/1340.jpg,metal_can
186,train/1351.jpg,metal_can
187,train/1358.jpg,paper_cup
188,train/1364.jpg,paper_cup
189,train/1365.jpg,paper_cup
190,train/1370.jpg,metal_can
191,train/1371.jpg,metal_can
192,train/1378.jpg,metal_can
193,train/1381.jpg,paper_cup
194,train/1382.jpg,paper_cup
195,train/1387.jpg,metal_can
196,train/1399.jpg,metal_can
197,train/1406.jpg,metal_can
198,train/1415.jpg,metal_can
199,train/1418.jpg,metal_can
200,train/1428.jpg,metal_can
201,train/1433.jpg,metal_can
202,train/1434.jpg,metal_can
203,train/1442.jpg,paper_cup
204,train/1447.jpg,metal_can
205,train/1450.jpg,metal_can
206,train/1456.jpg,metal_can
207,train/1485.jpg,metal_can
208,train/1493.jpg,metal_can
209,train/1500.jpg,paper_cup
210,train/1505.jpg,metal_can
211,train/1516.jpg,metal_can
212,train/1521.jpg,metal_can
213,train/1530.jpg,metal_can
214,train/1533.jpg,metal_can
215,train/1536.jpg,metal_can
216,train/1540.jpg,metal_can
217,train/1558.jpg,metal_can
218,train/1563.jpg,metal_can
219,train/1564.jpg,paper_cup
220,train/1573.jpg,metal_can
221,train/1575.jpg,metal_can
222,train/1579.jpg,metal_can
223,train/1581.jpg,metal_can
224,train/1583.jpg,metal_can
225,train/1584.jpg,metal_can
226,train/1586.jpg,metal_can
227,train/1596.jpg,metal_can
228,train/1598.jpg,metal_can
229,train/1607.jpg,metal_can
230,train/1610.jpg,metal_can
231,train/1615.jpg,metal_can
232,train/1616.jpg,metal_can
233,train/1619.jpg,metal_can
234,train/1628.jpg,metal_can
235,train/1629.jpg,metal_can
236,train/1632.jpg,metal_can
237,train/1636.jpg,metal_can
238,train/1639.jpg,metal_can
239,train/1640.jpg,metal_can
240,train/1642.jpg,paper_cup
,,
,,
,,
,,
,,
,,
,,
,,
,,
,,
,,
,,
,,
,,
,,
,,
,,
,,
,,
,,
,,
,,
,,
,,
,,
,,
,,
,,
,,
,,
,,
,,
,,
,,
,,
,,
,,
,,
,,
,,
,,
,,
,,
,,
,,
,,
,,
,,
,,
,,
,,
,,
,,
,,
,,
,,
,,
,,
,,
,,
,,
,,
,,
,,
,,
,,
,,
,,
,,
,,
,,
,,
,,
,,
,,
,,
,,
,,
,,
,,
,,
,,
,,
,,
,,
,,
,,
,,
,,
,,
,,
,,
,,
,,
,,
,,
,,
,,
,,
,,
,,
,,
,,
,,
,,
,,
,,
,,
,,
,,
,,
,,
,,
,,
,,
,,
,,
,,
,,
,,
,,
,,
,,
,,
,,
,,
,,
,,
,,
,,
,,
,,
,,
,,
,,
,,
,,
,,
,,
,,
,,
,,
,,
,,
,,
,,
,,
,,
,,
,,
,,
,,
,,
,,
,,
,,
,,
,,
,,
,,
,,
,,
,,
,,
,,
,,
,,
,,
,,
,,
,,
,,
,,
,,
,,
,,
,,
,,
,,
,,
,,
,,
,,
,,
,,
,,
,,
,,
,,
,,
,,
,,
,,
,,
,,
,,
,,
,,
,,
,,
,,
,,
,,
,,
,,
,,
,,
,,
,,
,,
,,
,,
,,
,,
,,
,,
,,
,,
,,
,,
,,
,,
,,
,,
,,
,,
,,
,,
,,
,,
,,
,,
,,
,,
,,
,,
,,
,,
,,
,,
,,
,,
,,
,,
,,
,,
,,
,,
,,
,,
,,
,,
,,
,,
,,
,,
,,
,,
,,
,,
,,
,,
,,
,,
,,
,,
,,
,,
,,
,,
,,
,,
,,
,,
,,
,,
,,
,,
,,
,,
,,
,,
,,
,,
,,
,,
,,
,,
,,
,,
,,
,,
,,
,,
,,
,,
,,
,,
,,
,,
,,
,,
,,
,,
,,
,,
,,
,,
,,
,,
,,
,,
,,
,,
,,
,,
,,
,,
,,
,,
,,
,,
,,
,,
,,
,,
,,
,,
,,
,,
,,
,,
,,
,,
,,
,,
,,
,,
,,
,,
,,
,,
,,
,,
,,
,,
,,
,,
,,
,,
,,
,,
,,
,,
,,
,,
,,
,,
,,
,,
,,
,,
,,
,,
,,
,,
,,
,,
,,
,,
,,
,,
,,
,,
,,
,,
,,
,,
,,
,,
,,
,,
,,
,,
,,
,,
,,
,,
,,
,,
,,
,,
,,
,,
,,
,,
,,
,,
,,
,,
,,
,,
,,
,,
,,
,,
,,
,,
,,
,,
,,
,,
,,
,,
,,
,,
,,
,,
,,
,,
,,
,,
,,
,,
,,
,,
,,
,,
,,
,,
,,
,,
,,
,,
,,
,,
,,
,,
,,
,,
,,
,,
,,
,, 
