index,path,label
0,train/1.jpg,plastic_bottle
1,train/5.jpg,plastic_bottle
2,train/12.jpg,plastic_bottle
3,train/20.jpg,plastic_bottle
4,train/32.jpg,glass_bottle
5,train/36.jpg,plastic_bottle
6,train/37.jpg,plastic_bottle
7,train/41.jpg,plastic_bottle
8,train/43.jpg,plastic_bottle
9,train/45.jpg,glass_bottle
10,train/49.jpg,plastic_bottle
11,train/51.jpg,plastic_bottle
12,train/54.jpg,plastic_bottle
13,train/58.jpg,glass_bottle
14,train/65.jpg,plastic_bottle
15,train/69.jpg,plastic_bottle
16,train/70.jpg,plastic_bottle
17,train/71.jpg,plastic_bottle
18,train/73.jpg,plastic_bottle
19,train/78.jpg,glass_bottle
20,train/80.jpg,plastic_bottle
21,train/92.jpg,plastic_bottle
22,train/96.jpg,plastic_bottle
23,train/100.jpg,glass_bottle
24,train/108.jpg,plastic_bottle
25,train/109.jpg,plastic_bottle
26,train/111.jpg,plastic_bottle
27,train/114.jpg,glass_bottle
28,train/120.jpg,plastic_bottle
29,train/132.jpg,glass_bottle
30,train/134.jpg,plastic_bottle
31,train/139.jpg,glass_bottle
32,train/140.jpg,plastic_bottle
33,train/141.jpg,glass_bottle
34,train/142.jpg,glass_bottle
35,train/145.jpg,glass_bottle
36,train/148.jpg,glass_bottle
37,train/151.jpg,plastic_bottle
38,train/162.jpg,plastic_bottle
39,train/174.jpg,plastic_bottle
40,train/175.jpg,plastic_bottle
41,train/177.jpg,plastic_bottle
42,train/181.jpg,plastic_bottle
43,train/183.jpg,plastic_bottle
44,train/185.jpg,plastic_bottle
45,train/190.jpg,plastic_bottle
46,train/196.jpg,plastic_bottle
47,train/197.jpg,plastic_bottle
48,train/200.jpg,glass_bottle
49,train/202.jpg,plastic_bottle
50,train/205.jpg,plastic_bottle
51,train/206.jpg,plastic_bottle
52,train/229.jpg,plastic_bottle
53,train/236.jpg,plastic_bottle
54,train/243.jpg,plastic_bottle
55,train/244.jpg,plastic_bottle
56,train/251.jpg,plastic_bottle
57,train/255.jpg,plastic_bottle
58,train/259.jpg,plastic_bottle
59,train/273.jpg,plastic_bottle
60,train/286.jpg,glass_bottle
61,train/289.jpg,plastic_bottle
62,train/291.jpg,plastic_bottle
63,train/296.jpg,plastic_bottle
64,train/302.jpg,plastic_bottle
65,train/306.jpg,glass_bottle
66,train/314.jpg,plastic_bottle
67,train/322.jpg,plastic_bottle
68,train/328.jpg,plastic_bottle
69,train/331.jpg,plastic_bottle
70,train/333.jpg,glass_bottle
71,train/338.jpg,plastic_bottle
72,train/344.jpg,plastic_bottle
73,train/348.jpg,plastic_bottle
74,train/352.jpg,plastic_bottle
75,train/358.jpg,plastic_bottle
76,train/363.jpg,plastic_bottle
77,train/372.jpg,plastic_bottle
78,train/374.jpg,plastic_bottle
79,train/376.jpg,plastic_bottle
80,train/379.jpg,plastic_bottle
81,train/380.jpg,plastic_bottle
82,train/384.jpg,plastic_bottle
83,train/385.jpg,plastic_bottle
84,train/389.jpg,plastic_bottle
85,train/391.jpg,plastic_bottle
86,train/398.jpg,plastic_bottle
87,train/399.jpg,glass_bottle
88,train/403.jpg,plastic_bottle
89,train/407.jpg,glass_bottle
90,train/414.jpg,glass_bottle
91,train/426.jpg,glass_bottle
92,train/433.jpg,plastic_bottle
93,train/436.jpg,plastic_bottle
94,train/437.jpg,plastic_bottle
95,train/439.jpg,plastic_bottle
96,train/445.jpg,plastic_bottle
97,train/447.jpg,plastic_bottle
98,train/449.jpg,plastic_bottle
99,train/472.jpg,plastic_bottle
100,train/480.jpg,plastic_bottle
101,train/481.jpg,plastic_bottle
102,train/483.jpg,glass_bottle
103,train/484.jpg,plastic_bottle
104,train/488.jpg,plastic_bottle
105,train/490.jpg,glass_bottle
106,train/517.jpg,glass_bottle
107,train/518.jpg,plastic_bottle
108,train/525.jpg,plastic_bottle
109,train/533.jpg,plastic_bottle
110,train/539.jpg,plastic_bottle
111,train/540.jpg,plastic_bottle
112,train/541.jpg,plastic_bottle
113,train/546.jpg,plastic_bottle
114,train/551.jpg,glass_bottle
115,train/555.jpg,glass_bottle
116,train/562.jpg,plastic_bottle
117,train/564.jpg,plastic_bottle
118,train/567.jpg,plastic_bottle
119,train/568.jpg,plastic_bottle
120,train/570.jpg,plastic_bottle
121,train/571.jpg,plastic_bottle
122,train/580.jpg,plastic_bottle
123,train/587.jpg,plastic_bottle
124,train/594.jpg,glass_bottle
125,train/597.jpg,plastic_bottle
126,train/604.jpg,plastic_bottle
127,train/606.jpg,plastic_bottle
128,train/610.jpg,plastic_bottle
129,train/614.jpg,plastic_bottle
130,train/615.jpg,glass_bottle
131,train/619.jpg,glass_bottle
132,train/623.jpg,plastic_bottle
133,train/627.jpg,plastic_bottle
134,train/632.jpg,plastic_bottle
135,train/641.jpg,plastic_bottle
136,train/645.jpg,plastic_bottle
137,train/654.jpg,glass_bottle
138,train/662.jpg,plastic_bottle
139,train/665.jpg,plastic_bottle
140,train/671.jpg,glass_bottle
141,train/679.jpg,plastic_bottle
142,train/691.jpg,plastic_bottle
143,train/712.jpg,plastic_bottle
144,train/714.jpg,plastic_bottle
145,train/716.jpg,plastic_bottle
146,train/730.jpg,plastic_bottle
147,train/735.jpg,plastic_bottle
148,train/741.jpg,glass_bottle
149,train/747.jpg,plastic_bottle
150,train/751.jpg,plastic_bottle
151,train/753.jpg,plastic_bottle
152,train/755.jpg,plastic_bottle
153,train/756.jpg,plastic_bottle
154,train/757.jpg,glass_bottle
155,train/759.jpg,plastic_bottle
156,train/765.jpg,plastic_bottle
157,train/766.jpg,plastic_bottle
158,train/769.jpg,plastic_bottle
159,train/772.jpg,plastic_bottle
160,train/773.jpg,glass_bottle
161,train/774.jpg,plastic_bottle
162,train/780.jpg,plastic_bottle
163,train/788.jpg,glass_bottle
164,train/794.jpg,plastic_bottle
165,train/796.jpg,glass_bottle
166,train/803.jpg,plastic_bottle
167,train/810.jpg,glass_bottle
168,train/811.jpg,plastic_bottle
169,train/817.jpg,plastic_bottle
170,train/829.jpg,plastic_bottle
171,train/831.jpg,plastic_bottle
172,train/835.jpg,plastic_bottle
173,train/838.jpg,plastic_bottle
174,train/842.jpg,plastic_bottle
175,train/844.jpg,plastic_bottle
176,train/845.jpg,plastic_bottle
177,train/847.jpg,plastic_bottle
178,train/848.jpg,plastic_bottle
179,train/850.jpg,plastic_bottle
180,train/855.jpg,plastic_bottle
181,train/860.jpg,glass_bottle
182,train/873.jpg,glass_bottle
183,train/876.jpg,plastic_bottle
184,train/880.jpg,plastic_bottle
185,train/891.jpg,plastic_bottle
186,train/900.jpg,plastic_bottle
187,train/910.jpg,plastic_bottle
188,train/914.jpg,glass_bottle
189,train/919.jpg,plastic_bottle
190,train/922.jpg,plastic_bottle
191,train/926.jpg,plastic_bottle
192,train/929.jpg,plastic_bottle
193,train/935.jpg,plastic_bottle
194,train/947.jpg,plastic_bottle
195,train/957.jpg,plastic_bottle
196,train/962.jpg,plastic_bottle
197,train/965.jpg,glass_bottle
198,train/967.jpg,plastic_bottle
199,train/968.jpg,plastic_bottle
200,train/969.jpg,plastic_bottle
201,train/971.jpg,plastic_bottle
202,train/976.jpg,glass_bottle
203,train/980.jpg,plastic_bottle
204,train/983.jpg,plastic_bottle
205,train/990.jpg,glass_bottle
206,train/992.jpg,plastic_bottle
207,train/996.jpg,plastic_bottle
208,train/1001.jpg,plastic_bottle
209,train/1002.jpg,glass_bottle
210,train/1007.jpg,plastic_bottle
211,train/1025.jpg,glass_bottle
212,train/1039.jpg,plastic_bottle
213,train/1040.jpg,glass_bottle
214,train/1042.jpg,plastic_bottle
215,train/1044.jpg,plastic_bottle
216,train/1046.jpg,plastic_bottle
217,train/1053.jpg,plastic_bottle
218,train/1059.jpg,plastic_bottle
219,train/1065.jpg,plastic_bottle
220,train/1066.jpg,plastic_bottle
221,train/1069.jpg,glass_bottle
222,train/1070.jpg,plastic_bottle
223,train/1071.jpg,plastic_bottle
224,train/1080.jpg,glass_bottle
225,train/1084.jpg,plastic_bottle
226,train/1086.jpg,glass_bottle
227,train/1092.jpg,plastic_bottle
228,train/1093.jpg,plastic_bottle
229,train/1098.jpg,glass_bottle
230,train/1109.jpg,plastic_bottle
231,train/1116.jpg,plastic_bottle
232,train/1139.jpg,plastic_bottle
233,train/1146.jpg,glass_bottle
234,train/1147.jpg,plastic_bottle
235,train/1150.jpg,plastic_bottle
236,train/1151.jpg,plastic_bottle
237,train/1158.jpg,plastic_bottle
238,train/1163.jpg,plastic_bottle
239,train/1164.jpg,plastic_bottle
240,train/1170.jpg,plastic_bottle
241,train/1172.jpg,plastic_bottle
242,train/1180.jpg,plastic_bottle
243,train/1181.jpg,plastic_bottle
244,train/1183.jpg,plastic_bottle
245,train/1186.jpg,plastic_bottle
246,train/1210.jpg,plastic_bottle
247,train/1212.jpg,plastic_bottle
248,train/1215.jpg,plastic_bottle
249,train/1220.jpg,glass_bottle
250,train/1222.jpg,plastic_bottle
251,train/1228.jpg,plastic_bottle
252,train/1234.jpg,plastic_bottle
253,train/1241.jpg,plastic_bottle
254,train/1249.jpg,plastic_bottle
255,train/1256.jpg,plastic_bottle
256,train/1257.jpg,glass_bottle
257,train/1260.jpg,glass_bottle
258,train/1268.jpg,plastic_bottle
259,train/1282.jpg,plastic_bottle
260,train/1284.jpg,plastic_bottle
261,train/1287.jpg,plastic_bottle
262,train/1290.jpg,plastic_bottle
263,train/1292.jpg,plastic_bottle
264,train/1297.jpg,plastic_bottle
265,train/1300.jpg,plastic_bottle
266,train/1301.jpg,plastic_bottle
267,train/1303.jpg,glass_bottle
268,train/1308.jpg,plastic_bottle
269,train/1311.jpg,plastic_bottle
270,train/1315.jpg,glass_bottle
271,train/1319.jpg,plastic_bottle
272,train/1324.jpg,plastic_bottle
273,train/1325.jpg,plastic_bottle
274,train/1331.jpg,plastic_bottle
275,train/1334.jpg,glass_bottle
276,train/1335.jpg,plastic_bottle
277,train/1341.jpg,glass_bottle
278,train/1343.jpg,glass_bottle
279,train/1345.jpg,plastic_bottle
280,train/1346.jpg,plastic_bottle
281,train/1348.jpg,plastic_bottle
282,train/1350.jpg,plastic_bottle
283,train/1359.jpg,plastic_bottle
284,train/1369.jpg,glass_bottle
285,train/1373.jpg,plastic_bottle
286,train/1384.jpg,plastic_bottle
287,train/1398.jpg,plastic_bottle
288,train/1400.jpg,plastic_bottle
289,train/1404.jpg,plastic_bottle
290,train/1409.jpg,plastic_bottle
291,train/1412.jpg,plastic_bottle
292,train/1414.jpg,plastic_bottle
293,train/1416.jpg,plastic_bottle
294,train/1420.jpg,plastic_bottle
295,train/1423.jpg,plastic_bottle
296,train/1425.jpg,glass_bottle
297,train/1429.jpg,glass_bottle
298,train/1438.jpg,glass_bottle
299,train/1444.jpg,plastic_bottle
300,train/1451.jpg,glass_bottle
301,train/1460.jpg,glass_bottle
302,train/1469.jpg,plastic_bottle
303,train/1470.jpg,glass_bottle
304,train/1471.jpg,glass_bottle
305,train/1476.jpg,plastic_bottle
306,train/1478.jpg,plastic_bottle
307,train/1479.jpg,glass_bottle
308,train/1483.jpg,plastic_bottle
309,train/1484.jpg,glass_bottle
310,train/1486.jpg,plastic_bottle
311,train/1488.jpg,plastic_bottle
312,train/1496.jpg,plastic_bottle
313,train/1497.jpg,plastic_bottle
314,train/1499.jpg,glass_bottle
315,train/1506.jpg,plastic_bottle
316,train/1509.jpg,plastic_bottle
317,train/1512.jpg,plastic_bottle
318,train/1517.jpg,plastic_bottle
319,train/1531.jpg,plastic_bottle
320,train/1537.jpg,plastic_bottle
321,train/1539.jpg,plastic_bottle
322,train/1542.jpg,glass_bottle
323,train/1548.jpg,plastic_bottle
324,train/1551.jpg,plastic_bottle
325,train/1552.jpg,plastic_bottle
326,train/1556.jpg,plastic_bottle
327,train/1565.jpg,glass_bottle
328,train/1568.jpg,plastic_bottle
329,train/1585.jpg,plastic_bottle
330,train/1587.jpg,glass_bottle
331,train/1589.jpg,plastic_bottle
332,train/1593.jpg,plastic_bottle
333,train/1594.jpg,plastic_bottle
334,train/1600.jpg,plastic_bottle
335,train/1606.jpg,plastic_bottle
336,train/1614.jpg,plastic_bottle
337,train/1623.jpg,plastic_bottle
338,train/1625.jpg,plastic_bottle
339,train/1631.jpg,plastic_bottle
