index,path,label
0,train/2.jpg,plastic_bottle_cap
1,train/9.jpg,plastic_bottle_cap
2,train/29.jpg,plastic_bottle_cap
3,train/38.jpg,plastic_bottle_cap
4,train/77.jpg,plastic_bottle_cap
5,train/88.jpg,plastic_bottle_cap
6,train/93.jpg,plastic_bottle_cap
7,train/97.jpg,plastic_bottle_cap
8,train/105.jpg,plastic_bottle_cap
9,train/110.jpg,plastic_bottle_cap
10,train/112.jpg,plastic_bottle_cap
11,train/113.jpg,plastic_bottle_cap
12,train/128.jpg,plastic_bottle_cap
13,train/130.jpg,plastic_bottle_cap
14,train/138.jpg,plastic_bottle_cap
15,train/146.jpg,plastic_bottle_cap
16,train/147.jpg,plastic_bottle_cap
17,train/153.jpg,metal_bottle_cap
18,train/165.jpg,metal_bottle_cap
19,train/166.jpg,plastic_bottle_cap
20,train/167.jpg,plastic_bottle_cap
21,train/168.jpg,metal_bottle_cap
22,train/189.jpg,plastic_bottle_cap
23,train/199.jpg,plastic_bottle_cap
24,train/203.jpg,plastic_bottle_cap
25,train/211.jpg,plastic_bottle_cap
26,train/228.jpg,metal_bottle_cap
27,train/232.jpg,plastic_bottle_cap
28,train/241.jpg,metal_bottle_cap
29,train/248.jpg,plastic_bottle_cap
30,train/249.jpg,plastic_bottle_cap
31,train/277.jpg,plastic_bottle_cap
32,train/279.jpg,metal_bottle_cap
33,train/281.jpg,plastic_bottle_cap
34,train/285.jpg,metal_bottle_cap
35,train/288.jpg,plastic_bottle_cap
36,train/293.jpg,plastic_bottle_cap
37,train/294.jpg,metal_bottle_cap
38,train/295.jpg,metal_bottle_cap
39,train/298.jpg,metal_bottle_cap
40,train/305.jpg,plastic_bottle_cap
41,train/312.jpg,plastic_bottle_cap
42,train/321.jpg,metal_bottle_cap
43,train/335.jpg,metal_bottle_cap
44,train/347.jpg,plastic_bottle_cap
45,train/364.jpg,plastic_bottle_cap
46,train/371.jpg,plastic_bottle_cap
47,train/378.jpg,plastic_bottle_cap
48,train/388.jpg,metal_bottle_cap
49,train/392.jpg,plastic_bottle_cap
50,train/404.jpg,plastic_bottle_cap
51,train/405.jpg,plastic_bottle_cap
52,train/418.jpg,metal_bottle_cap
53,train/423.jpg,metal_bottle_cap
54,train/424.jpg,metal_bottle_cap
55,train/429.jpg,metal_bottle_cap
56,train/431.jpg,plastic_bottle_cap
57,train/438.jpg,plastic_bottle_cap
58,train/441.jpg,plastic_bottle_cap
59,train/448.jpg,metal_bottle_cap
60,train/450.jpg,plastic_bottle_cap
61,train/463.jpg,metal_bottle_cap
62,train/464.jpg,metal_bottle_cap
63,train/470.jpg,plastic_bottle_cap
64,train/478.jpg,metal_bottle_cap
65,train/482.jpg,plastic_bottle_cap
66,train/497.jpg,plastic_bottle_cap
67,train/512.jpg,metal_bottle_cap
68,train/520.jpg,metal_bottle_cap
69,train/529.jpg,plastic_bottle_cap
70,train/530.jpg,metal_bottle_cap
71,train/534.jpg,plastic_bottle_cap
72,train/535.jpg,plastic_bottle_cap
73,train/545.jpg,metal_bottle_cap
74,train/552.jpg,plastic_bottle_cap
75,train/558.jpg,plastic_bottle_cap
76,train/579.jpg,plastic_bottle_cap
77,train/584.jpg,metal_bottle_cap
78,train/595.jpg,plastic_bottle_cap
79,train/596.jpg,plastic_bottle_cap
80,train/608.jpg,plastic_bottle_cap
81,train/609.jpg,metal_bottle_cap
82,train/612.jpg,plastic_bottle_cap
83,train/629.jpg,plastic_bottle_cap
84,train/633.jpg,metal_bottle_cap
85,train/634.jpg,plastic_bottle_cap
86,train/637.jpg,metal_bottle_cap
87,train/640.jpg,plastic_bottle_cap
88,train/646.jpg,metal_bottle_cap
89,train/652.jpg,plastic_bottle_cap
90,train/653.jpg,plastic_bottle_cap
91,train/667.jpg,plastic_bottle_cap
92,train/672.jpg,metal_bottle_cap
93,train/678.jpg,plastic_bottle_cap
94,train/685.jpg,plastic_bottle_cap
95,train/686.jpg,plastic_bottle_cap
96,train/695.jpg,plastic_bottle_cap
97,train/696.jpg,plastic_bottle_cap
98,train/700.jpg,plastic_bottle_cap
99,train/706.jpg,plastic_bottle_cap
100,train/710.jpg,plastic_bottle_cap
101,train/713.jpg,plastic_bottle_cap
102,train/718.jpg,metal_bottle_cap
103,train/719.jpg,plastic_bottle_cap
104,train/720.jpg,plastic_bottle_cap
105,train/727.jpg,metal_bottle_cap
106,train/733.jpg,plastic_bottle_cap
107,train/740.jpg,plastic_bottle_cap
108,train/742.jpg,plastic_bottle_cap
109,train/746.jpg,plastic_bottle_cap
110,train/761.jpg,metal_bottle_cap
111,train/782.jpg,plastic_bottle_cap
112,train/784.jpg,plastic_bottle_cap
113,train/785.jpg,plastic_bottle_cap
114,train/786.jpg,metal_bottle_cap
115,train/789.jpg,plastic_bottle_cap
116,train/797.jpg,plastic_bottle_cap
117,train/801.jpg,plastic_bottle_cap
118,train/804.jpg,metal_bottle_cap
119,train/807.jpg,plastic_bottle_cap
120,train/813.jpg,plastic_bottle_cap
121,train/815.jpg,plastic_bottle_cap
122,train/828.jpg,plastic_bottle_cap
123,train/849.jpg,plastic_bottle_cap
124,train/852.jpg,metal_bottle_cap
125,train/856.jpg,plastic_bottle_cap
126,train/859.jpg,plastic_bottle_cap
127,train/882.jpg,plastic_bottle_cap
128,train/887.jpg,plastic_bottle_cap
129,train/896.jpg,metal_bottle_cap
130,train/901.jpg,plastic_bottle_cap
131,train/938.jpg,plastic_bottle_cap
132,train/939.jpg,plastic_bottle_cap
133,train/948.jpg,plastic_bottle_cap
134,train/954.jpg,plastic_bottle_cap
135,train/958.jpg,plastic_bottle_cap
136,train/959.jpg,plastic_bottle_cap
137,train/970.jpg,plastic_bottle_cap
138,train/988.jpg,plastic_bottle_cap
139,train/1010.jpg,plastic_bottle_cap
140,train/1016.jpg,metal_bottle_cap
141,train/1019.jpg,metal_bottle_cap
142,train/1035.jpg,metal_bottle_cap
143,train/1037.jpg,plastic_bottle_cap
144,train/1045.jpg,metal_bottle_cap
145,train/1049.jpg,plastic_bottle_cap
146,train/1056.jpg,metal_bottle_cap
147,train/1076.jpg,metal_bottle_cap
148,train/1081.jpg,metal_bottle_cap
149,train/1083.jpg,plastic_bottle_cap
150,train/1090.jpg,plastic_bottle_cap
151,train/1101.jpg,metal_bottle_cap
152,train/1112.jpg,plastic_bottle_cap
153,train/1113.jpg,metal_bottle_cap
154,train/1129.jpg,metal_bottle_cap
155,train/1133.jpg,plastic_bottle_cap
156,train/1177.jpg,plastic_bottle_cap
157,train/1178.jpg,plastic_bottle_cap
158,train/1193.jpg,metal_bottle_cap
159,train/1200.jpg,plastic_bottle_cap
160,train/1211.jpg,plastic_bottle_cap
161,train/1213.jpg,plastic_bottle_cap
162,train/1217.jpg,plastic_bottle_cap
163,train/1219.jpg,plastic_bottle_cap
164,train/1224.jpg,plastic_bottle_cap
165,train/1229.jpg,plastic_bottle_cap
166,train/1239.jpg,plastic_bottle_cap
167,train/1243.jpg,plastic_bottle_cap
168,train/1254.jpg,plastic_bottle_cap
169,train/1276.jpg,plastic_bottle_cap
170,train/1277.jpg,metal_bottle_cap
171,train/1279.jpg,plastic_bottle_cap
172,train/1280.jpg,plastic_bottle_cap
173,train/1281.jpg,metal_bottle_cap
174,train/1293.jpg,plastic_bottle_cap
175,train/1294.jpg,plastic_bottle_cap
176,train/1298.jpg,plastic_bottle_cap
177,train/1304.jpg,plastic_bottle_cap
178,train/1312.jpg,plastic_bottle_cap
179,train/1318.jpg,plastic_bottle_cap
180,train/1333.jpg,plastic_bottle_cap
181,train/1339.jpg,plastic_bottle_cap
182,train/1349.jpg,metal_bottle_cap
183,train/1353.jpg,metal_bottle_cap
184,train/1354.jpg,plastic_bottle_cap
185,train/1356.jpg,plastic_bottle_cap
186,train/1388.jpg,plastic_bottle_cap
187,train/1389.jpg,plastic_bottle_cap
188,train/1391.jpg,plastic_bottle_cap
189,train/1393.jpg,plastic_bottle_cap
190,train/1394.jpg,plastic_bottle_cap
191,train/1403.jpg,plastic_bottle_cap
192,train/1426.jpg,plastic_bottle_cap
193,train/1432.jpg,plastic_bottle_cap
194,train/1439.jpg,plastic_bottle_cap
195,train/1459.jpg,plastic_bottle_cap
196,train/1466.jpg,plastic_bottle_cap
197,train/1475.jpg,metal_bottle_cap
198,train/1477.jpg,plastic_bottle_cap
199,train/1502.jpg,plastic_bottle_cap
200,train/1513.jpg,plastic_bottle_cap
201,train/1520.jpg,plastic_bottle_cap
202,train/1523.jpg,plastic_bottle_cap
203,train/1545.jpg,plastic_bottle_cap
204,train/1547.jpg,plastic_bottle_cap
205,train/1549.jpg,metal_bottle_cap
206,train/1571.jpg,plastic_bottle_cap
207,train/1590.jpg,plastic_bottle_cap
208,train/1602.jpg,plastic_bottle_cap
209,train/1612.jpg,metal_bottle_cap
210,train/1613.jpg,metal_bottle_cap
211,train/1620.jpg,plastic_bottle_cap
212,train/1633.jpg,plastic_bottle_cap
213,train/1637.jpg,plastic_bottle_cap
214,train/1638.jpg,plastic_bottle_cap
215,train/1643.jpg,plastic_bottle_cap
216,train/1644.jpg,plastic_bottle_cap
217,train/1645.jpg,plastic_bottle_cap
218,train/1646.jpg,plastic_bottle_cap
219,train/1647.jpg,plastic_bottle_cap
220,train/1648.jpg,metal_bottle_cap
221,train/1649.jpg,metal_bottle_cap
222,train/1650.jpg,metal_bottle_cap
223,train/1651.jpg,metal_bottle_cap
224,train/1652.jpg,metal_bottle_cap
225,train/1653.jpg,metal_bottle_cap
226,train/1654.jpg,metal_bottle_cap
227,train/1655.jpg,metal_bottle_cap
228,train/1656.jpg,metal_bottle_cap
229,train/1657.jpg,plastic_bottle_cap
230,train/1658.jpg,plastic_bottle_cap
231,train/1659.jpg,plastic_bottle_cap
232,train/1660.jpg,plastic_bottle_cap
233,train/1661.jpg,plastic_bottle_cap
234,train/1662.jpg,plastic_bottle_cap
235,train/1663.jpg,plastic_bottle_cap
236,train/1664.jpg,plastic_bottle_cap
237,train/1665.jpg,plastic_bottle_cap
238,train/1666.jpg,plastic_bottle_cap
239,train/1667.jpg,plastic_bottle_cap
240,train/1668.jpg,plastic_bottle_cap
241,train/1669.jpg,plastic_bottle_cap
242,train/1670.jpg,plastic_bottle_cap
243,train/1671.jpg,plastic_bottle_cap
244,train/1672.jpg,plastic_bottle_cap
245,train/1673.jpg,plastic_bottle_cap
246,train/1674.jpg,plastic_bottle_cap
247,train/1675.jpg,plastic_bottle_cap
248,train/1676.jpg,plastic_bottle_cap
249,train/1677.jpg,plastic_bottle_cap
250,train/1678.jpg,plastic_bottle_cap
251,train/1679.jpg,plastic_bottle_cap
252,train/1680.jpg,plastic_bottle_cap
253,train/1681.jpg,plastic_bottle_cap
254,train/1682.jpg,plastic_bottle_cap
255,train/1683.jpg,plastic_bottle_cap
