index,path,label
1,train/11.jpg,aluminium_foil
2,train/24.jpg,aluminium_foil
3,train/216.jpg,aluminium_foil
4,train/219.jpg,aluminium_foil
5,train/235.jpg,aluminium_foil
6,train/258.jpg,aluminium_foil
7,train/264.jpg,aluminium_foil
8,train/267.jpg,aluminium_foil
9,train/351.jpg,aluminium_foil
10,train/390.jpg,aluminium_foil
11,train/401.jpg,aluminium_foil
12,train/503.jpg,aluminium_foil
13,train/514.jpg,aluminium_foil
14,train/522.jpg,aluminium_foil
15,train/523.jpg,aluminium_foil
16,train/531.jpg,aluminium_foil
17,train/536.jpg,aluminium_foil
18,train/574.jpg,aluminium_foil
19,train/586.jpg,aluminium_foil
20,train/625.jpg,aluminium_foil
21,train/638.jpg,aluminium_foil
22,train/729.jpg,aluminium_foil
23,train/748.jpg,aluminium_foil
24,train/790.jpg,aluminium_foil
25,train/862.jpg,aluminium_foil
26,train/904.jpg,aluminium_foil
27,train/918.jpg,aluminium_foil
28,train/946.jpg,aluminium_foil
29,train/964.jpg,aluminium_foil
30,train/966.jpg,aluminium_foil
31,train/1026.jpg,aluminium_foil
32,train/1030.jpg,aluminium_foil
33,train/1079.jpg,aluminium_foil
34,train/1174.jpg,aluminium_foil
35,train/1190.jpg,aluminium_foil
36,train/1198.jpg,aluminium_foil
37,train/1221.jpg,aluminium_foil
38,train/1295.jpg,aluminium_foil
39,train/1361.jpg,aluminium_foil
40,train/1366.jpg,aluminium_foil
41,train/1380.jpg,aluminium_foil
42,train/1532.jpg,aluminium_foil
43,train/1582.jpg,aluminium_foil
44,train/1595.jpg,aluminium_foil
45,train/1622.jpg,aluminium_foil
46,train/32.jpg,glass_bottle
47,train/45.jpg,glass_bottle
48,train/58.jpg,glass_bottle
49,train/78.jpg,glass_bottle
50,train/100.jpg,glass_bottle
51,train/114.jpg,glass_bottle
52,train/132.jpg,glass_bottle
53,train/139.jpg,glass_bottle
54,train/141.jpg,glass_bottle
55,train/142.jpg,glass_bottle
56,train/145.jpg,glass_bottle
57,train/148.jpg,glass_bottle
58,train/200.jpg,glass_bottle
59,train/286.jpg,glass_bottle
60,train/306.jpg,glass_bottle
61,train/333.jpg,glass_bottle
62,train/399.jpg,glass_bottle
63,train/407.jpg,glass_bottle
64,train/414.jpg,glass_bottle
65,train/426.jpg,glass_bottle
66,train/483.jpg,glass_bottle
67,train/490.jpg,glass_bottle
68,train/517.jpg,glass_bottle
69,train/551.jpg,glass_bottle
70,train/555.jpg,glass_bottle
71,train/594.jpg,glass_bottle
72,train/615.jpg,glass_bottle
73,train/619.jpg,glass_bottle
74,train/654.jpg,glass_bottle
75,train/671.jpg,glass_bottle
76,train/741.jpg,glass_bottle
77,train/757.jpg,glass_bottle
78,train/773.jpg,glass_bottle
79,train/788.jpg,glass_bottle
80,train/796.jpg,glass_bottle
81,train/810.jpg,glass_bottle
82,train/860.jpg,glass_bottle
83,train/873.jpg,glass_bottle
84,train/914.jpg,glass_bottle
85,train/965.jpg,glass_bottle
86,train/976.jpg,glass_bottle
87,train/990.jpg,glass_bottle
88,train/1002.jpg,glass_bottle
89,train/1025.jpg,glass_bottle
90,train/1040.jpg,glass_bottle
91,train/1069.jpg,glass_bottle
92,train/1080.jpg,glass_bottle
93,train/1086.jpg,glass_bottle
94,train/1098.jpg,glass_bottle
95,train/1146.jpg,glass_bottle
96,train/1220.jpg,glass_bottle
97,train/1257.jpg,glass_bottle
98,train/1260.jpg,glass_bottle
99,train/1303.jpg,glass_bottle
100,train/1315.jpg,glass_bottle
101,train/1334.jpg,glass_bottle
102,train/1341.jpg,glass_bottle
103,train/1343.jpg,glass_bottle
104,train/1369.jpg,glass_bottle
105,train/1425.jpg,glass_bottle
106,train/1429.jpg,glass_bottle
107,train/1438.jpg,glass_bottle
108,train/1451.jpg,glass_bottle
109,train/1460.jpg,glass_bottle
110,train/1470.jpg,glass_bottle
111,train/1471.jpg,glass_bottle
112,train/1479.jpg,glass_bottle
113,train/1484.jpg,glass_bottle
114,train/1499.jpg,glass_bottle
115,train/1542.jpg,glass_bottle
116,train/1565.jpg,glass_bottle
117,train/1587.jpg,glass_bottle
118,train/4.jpg,styrofoam
119,train/8.jpg,styrofoam
120,train/23.jpg,styrofoam
121,train/33.jpg,styrofoam
122,train/44.jpg,styrofoam
123,train/57.jpg,styrofoam
124,train/101.jpg,styrofoam
125,train/125.jpg,styrofoam
126,train/172.jpg,styrofoam
127,train/173.jpg,styrofoam
128,train/192.jpg,styrofoam
129,train/209.jpg,styrofoam
130,train/250.jpg,styrofoam
131,train/257.jpg,styrofoam
132,train/276.jpg,styrofoam
133,train/315.jpg,styrofoam
134,train/350.jpg,styrofoam
135,train/357.jpg,styrofoam
136,train/366.jpg,styrofoam
137,train/367.jpg,styrofoam
138,train/368.jpg,styrofoam
139,train/395.jpg,styrofoam
140,train/415.jpg,styrofoam
141,train/417.jpg,styrofoam
142,train/469.jpg,styrofoam
143,train/537.jpg,styrofoam
144,train/543.jpg,styrofoam
145,train/553.jpg,styrofoam
146,train/588.jpg,styrofoam
147,train/593.jpg,styrofoam
148,train/631.jpg,styrofoam
149,train/639.jpg,styrofoam
150,train/644.jpg,styrofoam
151,train/675.jpg,styrofoam
152,train/750.jpg,styrofoam
153,train/771.jpg,styrofoam
154,train/778.jpg,styrofoam
155,train/795.jpg,styrofoam
156,train/841.jpg,styrofoam
157,train/857.jpg,styrofoam
158,train/864.jpg,styrofoam
159,train/879.jpg,styrofoam
160,train/892.jpg,styrofoam
161,train/916.jpg,styrofoam
162,train/917.jpg,styrofoam
163,train/932.jpg,styrofoam
164,train/987.jpg,styrofoam
165,train/1011.jpg,styrofoam
166,train/1013.jpg,styrofoam
167,train/1027.jpg,styrofoam
168,train/1033.jpg,styrofoam
169,train/1041.jpg,styrofoam
170,train/1043.jpg,styrofoam
171,train/1061.jpg,styrofoam
172,train/1100.jpg,styrofoam
173,train/1156.jpg,styrofoam
174,train/1191.jpg,styrofoam
175,train/1207.jpg,styrofoam
176,train/1218.jpg,styrofoam
177,train/1227.jpg,styrofoam
178,train/1237.jpg,styrofoam
179,train/1272.jpg,styrofoam
180,train/1288.jpg,styrofoam
181,train/1316.jpg,styrofoam
182,train/1347.jpg,styrofoam
183,train/1360.jpg,styrofoam
184,train/1372.jpg,styrofoam
185,train/1407.jpg,styrofoam
186,train/1419.jpg,styrofoam
187,train/1440.jpg,styrofoam
188,train/1445.jpg,styrofoam
189,train/1465.jpg,styrofoam
190,train/1481.jpg,styrofoam
191,train/1501.jpg,styrofoam
192,train/1515.jpg,styrofoam
193,train/1519.jpg,styrofoam
194,train/1524.jpg,styrofoam
195,train/1543.jpg,styrofoam
196,train/1578.jpg,styrofoam
197,train/1635.jpg,styrofoam
