index,path,label
1,train/19.jpg,carton
2,train/21.jpg,carton
3,train/72.jpg,carton
4,train/85.jpg,carton
5,train/99.jpg,carton
6,train/129.jpg,carton
7,train/154.jpg,carton
8,train/158.jpg,carton
9,train/161.jpg,carton
10,train/176.jpg,carton
11,train/179.jpg,carton
12,train/221.jpg,carton
13,train/224.jpg,carton
14,train/253.jpg,carton
15,train/256.jpg,carton
16,train/266.jpg,carton
17,train/271.jpg,carton
18,train/274.jpg,carton
19,train/299.jpg,carton
20,train/300.jpg,carton
21,train/309.jpg,carton
22,train/330.jpg,carton
23,train/360.jpg,carton
24,train/369.jpg,carton
25,train/375.jpg,carton
26,train/383.jpg,carton
27,train/387.jpg,carton
28,train/400.jpg,carton
29,train/427.jpg,carton
30,train/457.jpg,carton
31,train/459.jpg,carton
32,train/467.jpg,carton
33,train/475.jpg,carton
34,train/477.jpg,carton
35,train/487.jpg,carton
36,train/491.jpg,carton
37,train/496.jpg,carton
38,train/500.jpg,carton
39,train/505.jpg,carton
40,train/507.jpg,carton
41,train/542.jpg,carton
42,train/550.jpg,carton
43,train/554.jpg,carton
44,train/556.jpg,carton
45,train/569.jpg,carton
46,train/572.jpg,carton
47,train/582.jpg,carton
48,train/590.jpg,carton
49,train/598.jpg,carton
50,train/600.jpg,carton
51,train/616.jpg,carton
52,train/617.jpg,carton
53,train/626.jpg,carton
54,train/649.jpg,carton
55,train/650.jpg,carton
56,train/651.jpg,carton
57,train/655.jpg,carton
58,train/656.jpg,carton
59,train/661.jpg,carton
60,train/670.jpg,carton
61,train/676.jpg,carton
62,train/683.jpg,carton
63,train/684.jpg,carton
64,train/699.jpg,carton
65,train/715.jpg,carton
66,train/724.jpg,carton
67,train/736.jpg,carton
68,train/743.jpg,carton
69,train/767.jpg,carton
70,train/779.jpg,carton
71,train/791.jpg,carton
72,train/798.jpg,carton
73,train/805.jpg,carton
74,train/809.jpg,carton
75,train/812.jpg,carton
76,train/818.jpg,carton
77,train/822.jpg,carton
78,train/824.jpg,carton
79,train/825.jpg,carton
80,train/836.jpg,carton
81,train/837.jpg,carton
82,train/839.jpg,carton
83,train/843.jpg,carton
84,train/893.jpg,carton
85,train/899.jpg,carton
86,train/911.jpg,carton
87,train/915.jpg,carton
88,train/950.jpg,carton
89,train/973.jpg,carton
90,train/978.jpg,carton
91,train/995.jpg,carton
92,train/1006.jpg,carton
93,train/1047.jpg,carton
94,train/1057.jpg,carton
95,train/1077.jpg,carton
96,train/1089.jpg,carton
97,train/1091.jpg,carton
98,train/1097.jpg,carton
99,train/1102.jpg,carton
100,train/1111.jpg,carton
101,train/1117.jpg,carton
102,train/1118.jpg,carton
103,train/1121.jpg,carton
104,train/1137.jpg,carton
105,train/1142.jpg,carton
106,train/1157.jpg,carton
107,train/1165.jpg,carton
108,train/1197.jpg,carton
109,train/1199.jpg,carton
110,train/1203.jpg,carton
111,train/1232.jpg,carton
112,train/1238.jpg,carton
113,train/1245.jpg,carton
114,train/1255.jpg,carton
115,train/1261.jpg,carton
116,train/1291.jpg,carton
117,train/1307.jpg,carton
118,train/1309.jpg,carton
119,train/1327.jpg,carton
120,train/1337.jpg,carton
121,train/1338.jpg,carton
122,train/1376.jpg,carton
123,train/1377.jpg,carton
124,train/1383.jpg,carton
125,train/1385.jpg,carton
126,train/1392.jpg,carton
127,train/1395.jpg,carton
128,train/1408.jpg,carton
129,train/1417.jpg,carton
130,train/1421.jpg,carton
131,train/1422.jpg,carton
132,train/1435.jpg,carton
133,train/1443.jpg,carton
134,train/1446.jpg,carton
135,train/1448.jpg,carton
136,train/1452.jpg,carton
137,train/1467.jpg,carton
138,train/1480.jpg,carton
139,train/1491.jpg,carton
140,train/1492.jpg,carton
141,train/1522.jpg,carton
142,train/1555.jpg,carton
143,train/1557.jpg,carton
144,train/1561.jpg,carton
145,train/1566.jpg,carton
146,train/1574.jpg,carton
147,train/1591.jpg,carton
148,train/1592.jpg,carton
149,train/1601.jpg,carton
150,train/1604.jpg,carton
151,train/1605.jpg,carton
152,train/1621.jpg,carton
153,train/1630.jpg,carton
154,train/15.jpg,drink_carton
155,train/22.jpg,drink_carton
156,train/46.jpg,drink_carton
157,train/116.jpg,drink_carton
158,train/127.jpg,drink_carton
159,train/187.jpg,drink_carton
160,train/215.jpg,drink_carton
161,train/270.jpg,drink_carton
162,train/396.jpg,drink_carton
163,train/458.jpg,drink_carton
164,train/486.jpg,drink_carton
165,train/499.jpg,drink_carton
166,train/509.jpg,drink_carton
167,train/581.jpg,drink_carton
168,train/602.jpg,drink_carton
169,train/668.jpg,drink_carton
170,train/677.jpg,drink_carton
171,train/703.jpg,drink_carton
172,train/763.jpg,drink_carton
173,train/799.jpg,drink_carton
174,train/820.jpg,drink_carton
175,train/826.jpg,drink_carton
176,train/830.jpg,drink_carton
177,train/853.jpg,drink_carton
178,train/951.jpg,drink_carton
179,train/1003.jpg,drink_carton
180,train/1015.jpg,drink_carton
181,train/1055.jpg,drink_carton
182,train/1099.jpg,drink_carton
183,train/1141.jpg,drink_carton
184,train/1230.jpg,drink_carton
185,train/1244.jpg,drink_carton
186,train/1306.jpg,drink_carton
187,train/1322.jpg,drink_carton
188,train/1427.jpg,drink_carton
189,train/1457.jpg,drink_carton
190,train/1507.jpg,drink_carton
191,train/1570.jpg,drink_carton
192,"train/1718,jpg",drink_carton
193,"train/1719,jpg",drink_carton
194,"train/1720,jpg",drink_carton
195,"train/1721,jpg",drink_carton
196,"train/1722,jpg",drink_carton
197,train/16.jpg,paper
198,train/59.jpg,paper
199,train/107.jpg,paper
200,train/135.jpg,paper
201,train/144.jpg,paper
202,train/150.jpg,paper
203,train/155.jpg,paper
204,train/159.jpg,paper
205,train/195.jpg,paper
206,train/204.jpg,paper
207,train/217.jpg,paper
208,train/252.jpg,paper
209,train/254.jpg,paper
210,train/283.jpg,paper
211,train/310.jpg,paper
212,train/313.jpg,paper
213,train/323.jpg,paper
214,train/329.jpg,paper
215,train/394.jpg,paper
216,train/408.jpg,paper
217,train/413.jpg,paper
218,train/420.jpg,paper
219,train/421.jpg,paper
220,train/453.jpg,paper
221,train/455.jpg,paper
222,train/460.jpg,paper
223,train/511.jpg,paper
224,train/561.jpg,paper
225,train/566.jpg,paper
226,train/575.jpg,paper
227,train/576.jpg,paper
228,train/578.jpg,paper
229,train/603.jpg,paper
230,train/613.jpg,paper
231,train/618.jpg,paper
232,train/680.jpg,paper
233,train/690.jpg,paper
234,train/722.jpg,paper
235,train/754.jpg,paper
236,train/758.jpg,paper
237,train/770.jpg,paper
238,train/823.jpg,paper
239,train/877.jpg,paper
240,train/884.jpg,paper
241,train/885.jpg,paper
242,train/906.jpg,paper
243,train/927.jpg,paper
244,train/933.jpg,paper
245,train/942.jpg,paper
246,train/960.jpg,paper
247,train/1000.jpg,paper
248,train/1004.jpg,paper
249,train/1082.jpg,paper
250,train/1094.jpg,paper
251,train/1107.jpg,paper
252,train/1130.jpg,paper
253,train/1131.jpg,paper
254,train/1168.jpg,paper
255,train/1208.jpg,paper
256,train/1209.jpg,paper
257,train/1216.jpg,paper
258,train/1225.jpg,paper
259,train/1274.jpg,paper
260,train/1305.jpg,paper
261,train/1355.jpg,paper
262,train/1362.jpg,paper
263,train/1397.jpg,paper
264,train/1402.jpg,paper
265,train/1410.jpg,paper
266,train/1413.jpg,paper
267,train/1449.jpg,paper
268,train/1458.jpg,paper
269,train/1463.jpg,paper
270,train/1482.jpg,paper
271,train/1490.jpg,paper
272,train/1495.jpg,paper
273,train/1508.jpg,paper
274,train/1528.jpg,paper
275,train/1529.jpg,paper
276,train/1550.jpg,paper
277,train/1572.jpg,paper
278,train/1608.jpg,paper
279,train/1611.jpg,paper
280,train/1641.jpg,paper
281,train/7.jpg,paper_cup
282,train/25.jpg,paper_cup
283,train/34.jpg,paper_cup
284,train/61.jpg,paper_cup
285,train/66.jpg,paper_cup
286,train/169.jpg,paper_cup
287,train/198.jpg,paper_cup
288,train/326.jpg,paper_cup
289,train/334.jpg,paper_cup
290,train/346.jpg,paper_cup
291,train/353.jpg,paper_cup
292,train/397.jpg,paper_cup
293,train/425.jpg,paper_cup
294,train/434.jpg,paper_cup
295,train/476.jpg,paper_cup
296,train/528.jpg,paper_cup
297,train/599.jpg,paper_cup
298,train/605.jpg,paper_cup
299,train/657.jpg,paper_cup
300,train/734.jpg,paper_cup
301,train/739.jpg,paper_cup
302,train/749.jpg,paper_cup
303,train/752.jpg,paper_cup
304,train/787.jpg,paper_cup
305,train/793.jpg,paper_cup
306,train/840.jpg,paper_cup
307,train/888.jpg,paper_cup
308,train/931.jpg,paper_cup
309,train/943.jpg,paper_cup
310,train/975.jpg,paper_cup
311,train/998.jpg,paper_cup
312,train/1020.jpg,paper_cup
313,train/1034.jpg,paper_cup
314,train/1052.jpg,paper_cup
315,train/1072.jpg,paper_cup
316,train/1108.jpg,paper_cup
317,train/1145.jpg,paper_cup
318,train/1153.jpg,paper_cup
319,train/1160.jpg,paper_cup
320,train/1179.jpg,paper_cup
321,train/1223.jpg,paper_cup
322,train/1248.jpg,paper_cup
323,train/1250.jpg,paper_cup
324,train/1267.jpg,paper_cup
325,train/1358.jpg,paper_cup
326,train/1364.jpg,paper_cup
327,train/1365.jpg,paper_cup
328,train/1381.jpg,paper_cup
329,train/1382.jpg,paper_cup
330,train/1442.jpg,paper_cup
331,train/1500.jpg,paper_cup
332,train/1564.jpg,paper_cup
333,train/1642.jpg,paper_cup
334,train/17.jpg,paper_tissues
335,train/98.jpg,paper_tissues
336,train/122.jpg,paper_tissues
337,train/136.jpg,paper_tissues
338,train/242.jpg,paper_tissues
339,train/411.jpg,paper_tissues
340,train/416.jpg,paper_tissues
341,train/432.jpg,paper_tissues
342,train/519.jpg,paper_tissues
343,train/692.jpg,paper_tissues
344,train/731.jpg,paper_tissues
345,train/821.jpg,paper_tissues
346,train/865.jpg,paper_tissues
347,train/872.jpg,paper_tissues
348,train/913.jpg,paper_tissues
349,train/934.jpg,paper_tissues
350,train/940.jpg,paper_tissues
351,train/985.jpg,paper_tissues
352,train/1103.jpg,paper_tissues
353,train/1138.jpg,paper_tissues
354,train/1166.jpg,paper_tissues
355,train/1194.jpg,paper_tissues
356,train/1262.jpg,paper_tissues
357,train/1264.jpg,paper_tissues
358,train/1368.jpg,paper_tissues
359,train/1405.jpg,paper_tissues
360,train/1559.jpg,paper_tissues
361,train/1588.jpg,paper_tissues
362,"train/1684,jpg",paper_tissues
363,"train/1685,jpg",paper_tissues
364,"train/1686,jpg",paper_tissues
365,"train/1687,jpg",paper_tissues
366,"train/1688,jpg",paper_tissues
367,"train/1689,jpg",paper_tissues
368,"train/1690,jpg",paper_tissues
369,"train/1691,jpg",paper_tissues
370,"train/1692,jpg",paper_tissues
371,"train/1693,jpg",paper_tissues
372,"train/1694,jpg",paper_tissues
