index,path,label
1,train/39.jpg,chips_bag
2,train/62.jpg,chips_bag
3,train/89.jpg,chips_bag
4,train/157.jpg,chips_bag
5,train/160.jpg,chips_bag
6,train/263.jpg,chips_bag
7,train/292.jpg,chips_bag
8,train/308.jpg,chips_bag
9,train/361.jpg,chips_bag
10,train/381.jpg,chips_bag
11,train/456.jpg,chips_bag
12,train/462.jpg,chips_bag
13,train/498.jpg,chips_bag
14,train/642.jpg,chips_bag
15,train/744.jpg,chips_bag
16,train/858.jpg,chips_bag
17,train/871.jpg,chips_bag
18,train/928.jpg,chips_bag
19,train/941.jpg,chips_bag
20,train/972.jpg,chips_bag
21,train/979.jpg,chips_bag
22,train/1005.jpg,chips_bag
23,train/1014.jpg,chips_bag
24,train/1159.jpg,chips_bag
25,train/1171.jpg,chips_bag
26,train/1185.jpg,chips_bag
27,train/1278.jpg,chips_bag
28,train/1342.jpg,chips_bag
29,train/1454.jpg,chips_bag
30,train/1504.jpg,chips_bag
31,train/1535.jpg,chips_bag
32,train/1599.jpg,chips_bag
33,train/1603.jpg,chips_bag
34,train/1626.jpg,chips_bag
35,train/153.jpg,metal_bottle_cap
36,train/165.jpg,metal_bottle_cap
37,train/168.jpg,metal_bottle_cap
38,train/228.jpg,metal_bottle_cap
39,train/241.jpg,metal_bottle_cap
40,train/279.jpg,metal_bottle_cap
41,train/285.jpg,metal_bottle_cap
42,train/294.jpg,metal_bottle_cap
43,train/295.jpg,metal_bottle_cap
44,train/298.jpg,metal_bottle_cap
45,train/321.jpg,metal_bottle_cap
46,train/335.jpg,metal_bottle_cap
47,train/388.jpg,metal_bottle_cap
48,train/418.jpg,metal_bottle_cap
49,train/423.jpg,metal_bottle_cap
50,train/424.jpg,metal_bottle_cap
51,train/429.jpg,metal_bottle_cap
52,train/448.jpg,metal_bottle_cap
53,train/463.jpg,metal_bottle_cap
54,train/464.jpg,metal_bottle_cap
55,train/478.jpg,metal_bottle_cap
56,train/512.jpg,metal_bottle_cap
57,train/520.jpg,metal_bottle_cap
58,train/530.jpg,metal_bottle_cap
59,train/545.jpg,metal_bottle_cap
60,train/584.jpg,metal_bottle_cap
61,train/609.jpg,metal_bottle_cap
62,train/633.jpg,metal_bottle_cap
63,train/637.jpg,metal_bottle_cap
64,train/646.jpg,metal_bottle_cap
65,train/672.jpg,metal_bottle_cap
66,train/718.jpg,metal_bottle_cap
67,train/727.jpg,metal_bottle_cap
68,train/761.jpg,metal_bottle_cap
69,train/786.jpg,metal_bottle_cap
70,train/804.jpg,metal_bottle_cap
71,train/852.jpg,metal_bottle_cap
72,train/896.jpg,metal_bottle_cap
73,train/1016.jpg,metal_bottle_cap
74,train/1019.jpg,metal_bottle_cap
75,train/1035.jpg,metal_bottle_cap
76,train/1045.jpg,metal_bottle_cap
77,train/1056.jpg,metal_bottle_cap
78,train/1076.jpg,metal_bottle_cap
79,train/1081.jpg,metal_bottle_cap
80,train/1101.jpg,metal_bottle_cap
81,train/1113.jpg,metal_bottle_cap
82,train/1129.jpg,metal_bottle_cap
83,train/1193.jpg,metal_bottle_cap
84,train/1277.jpg,metal_bottle_cap
85,train/1281.jpg,metal_bottle_cap
86,train/1349.jpg,metal_bottle_cap
87,train/1353.jpg,metal_bottle_cap
88,train/1475.jpg,metal_bottle_cap
89,train/1549.jpg,metal_bottle_cap
90,train/1612.jpg,metal_bottle_cap
91,train/1613.jpg,metal_bottle_cap
92,train/1648.jpg,metal_bottle_cap
93,train/1649.jpg,metal_bottle_cap
94,train/1650.jpg,metal_bottle_cap
95,train/1651.jpg,metal_bottle_cap
96,train/1652.jpg,metal_bottle_cap
97,train/1653.jpg,metal_bottle_cap
98,train/1654.jpg,metal_bottle_cap
99,train/1655.jpg,metal_bottle_cap
100,train/1656.jpg,metal_bottle_cap
101,train/0.jpg,metal_can
102,train/18.jpg,metal_can
103,train/30.jpg,metal_can
104,train/35.jpg,metal_can
105,train/60.jpg,metal_can
106,train/64.jpg,metal_can
107,train/75.jpg,metal_can
108,train/102.jpg,metal_can
109,train/103.jpg,metal_can
110,train/121.jpg,metal_can
111,train/123.jpg,metal_can
112,train/164.jpg,metal_can
113,train/170.jpg,metal_can
114,train/220.jpg,metal_can
115,train/230.jpg,metal_can
116,train/272.jpg,metal_can
117,train/303.jpg,metal_can
118,train/304.jpg,metal_can
119,train/307.jpg,metal_can
120,train/319.jpg,metal_can
121,train/337.jpg,metal_can
122,train/339.jpg,metal_can
123,train/340.jpg,metal_can
124,train/341.jpg,metal_can
125,train/343.jpg,metal_can
126,train/354.jpg,metal_can
127,train/365.jpg,metal_can
128,train/370.jpg,metal_can
129,train/386.jpg,metal_can
130,train/409.jpg,metal_can
131,train/422.jpg,metal_can
132,train/444.jpg,metal_can
133,train/446.jpg,metal_can
134,train/451.jpg,metal_can
135,train/452.jpg,metal_can
136,train/454.jpg,metal_can
137,train/465.jpg,metal_can
138,train/473.jpg,metal_can
139,train/474.jpg,metal_can
140,train/479.jpg,metal_can
141,train/485.jpg,metal_can
142,train/489.jpg,metal_can
143,train/494.jpg,metal_can
144,train/502.jpg,metal_can
145,train/506.jpg,metal_can
146,train/508.jpg,metal_can
147,train/521.jpg,metal_can
148,train/532.jpg,metal_can
149,train/548.jpg,metal_can
150,train/559.jpg,metal_can
151,train/563.jpg,metal_can
152,train/601.jpg,metal_can
153,train/611.jpg,metal_can
154,train/635.jpg,metal_can
155,train/647.jpg,metal_can
156,train/660.jpg,metal_can
157,train/663.jpg,metal_can
158,train/664.jpg,metal_can
159,train/666.jpg,metal_can
160,train/674.jpg,metal_can
161,train/682.jpg,metal_can
162,train/687.jpg,metal_can
163,train/689.jpg,metal_can
164,train/694.jpg,metal_can
165,train/697.jpg,metal_can
166,train/704.jpg,metal_can
167,train/705.jpg,metal_can
168,train/709.jpg,metal_can
169,train/721.jpg,metal_can
170,train/728.jpg,metal_can
171,train/764.jpg,metal_can
172,train/776.jpg,metal_can
173,train/781.jpg,metal_can
174,train/808.jpg,metal_can
175,train/832.jpg,metal_can
176,train/846.jpg,metal_can
177,train/851.jpg,metal_can
178,train/881.jpg,metal_can
179,train/886.jpg,metal_can
180,train/903.jpg,metal_can
181,train/905.jpg,metal_can
182,train/920.jpg,metal_can
183,train/930.jpg,metal_can
184,train/936.jpg,metal_can
185,train/944.jpg,metal_can
186,train/952.jpg,metal_can
187,train/956.jpg,metal_can
188,train/961.jpg,metal_can
189,train/963.jpg,metal_can
190,train/974.jpg,metal_can
191,train/984.jpg,metal_can
192,train/991.jpg,metal_can
193,train/993.jpg,metal_can
194,train/997.jpg,metal_can
195,train/1012.jpg,metal_can
196,train/1022.jpg,metal_can
197,train/1028.jpg,metal_can
198,train/1031.jpg,metal_can
199,train/1032.jpg,metal_can
200,train/1051.jpg,metal_can
201,train/1054.jpg,metal_can
202,train/1067.jpg,metal_can
203,train/1068.jpg,metal_can
204,train/1073.jpg,metal_can
205,train/1074.jpg,metal_can
206,train/1078.jpg,metal_can
207,train/1087.jpg,metal_can
208,train/1115.jpg,metal_can
209,train/1125.jpg,metal_can
210,train/1126.jpg,metal_can
211,train/1128.jpg,metal_can
212,train/1136.jpg,metal_can
213,train/1140.jpg,metal_can
214,train/1144.jpg,metal_can
215,train/1154.jpg,metal_can
216,train/1161.jpg,metal_can
217,train/1169.jpg,metal_can
218,train/1176.jpg,metal_can
219,train/1182.jpg,metal_can
220,train/1184.jpg,metal_can
221,train/1188.jpg,metal_can
222,train/1192.jpg,metal_can
223,train/1196.jpg,metal_can
224,train/1202.jpg,metal_can
225,train/1214.jpg,metal_can
226,train/1226.jpg,metal_can
227,train/1240.jpg,metal_can
228,train/1246.jpg,metal_can
229,train/1247.jpg,metal_can
230,train/1251.jpg,metal_can
231,train/1265.jpg,metal_can
232,train/1270.jpg,metal_can
233,train/1275.jpg,metal_can
234,train/1283.jpg,metal_can
235,train/1285.jpg,metal_can
236,train/1310.jpg,metal_can
237,train/1313.jpg,metal_can
238,train/1320.jpg,metal_can
239,train/1323.jpg,metal_can
240,train/1330.jpg,metal_can
241,train/1336.jpg,metal_can
242,train/1340.jpg,metal_can
243,train/1351.jpg,metal_can
244,train/1370.jpg,metal_can
245,train/1371.jpg,metal_can
246,train/1378.jpg,metal_can
247,train/1387.jpg,metal_can
248,train/1399.jpg,metal_can
249,train/1406.jpg,metal_can
250,train/1415.jpg,metal_can
251,train/1418.jpg,metal_can
252,train/1428.jpg,metal_can
253,train/1433.jpg,metal_can
254,train/1434.jpg,metal_can
255,train/1447.jpg,metal_can
256,train/1450.jpg,metal_can
257,train/1456.jpg,metal_can
258,train/1485.jpg,metal_can
259,train/1493.jpg,metal_can
260,train/1505.jpg,metal_can
261,train/1516.jpg,metal_can
262,train/1521.jpg,metal_can
263,train/1530.jpg,metal_can
264,train/1533.jpg,metal_can
265,train/1536.jpg,metal_can
266,train/1540.jpg,metal_can
267,train/1558.jpg,metal_can
268,train/1563.jpg,metal_can
269,train/1573.jpg,metal_can
270,train/1575.jpg,metal_can
271,train/1579.jpg,metal_can
272,train/1581.jpg,metal_can
273,train/1583.jpg,metal_can
274,train/1584.jpg,metal_can
275,train/1586.jpg,metal_can
276,train/1596.jpg,metal_can
277,train/1598.jpg,metal_can
278,train/1607.jpg,metal_can
279,train/1610.jpg,metal_can
280,train/1615.jpg,metal_can
281,train/1616.jpg,metal_can
282,train/1619.jpg,metal_can
283,train/1628.jpg,metal_can
284,train/1629.jpg,metal_can
285,train/1632.jpg,metal_can
286,train/1636.jpg,metal_can
287,train/1639.jpg,metal_can
288,train/1640.jpg,metal_can
