index,path,label
0,train/0.jpg,metal
1,train/1.jpg,plastic
2,train/2.jpg,plastic
3,train/3.jpg,plastic
4,train/4.jpg,others
5,train/5.jpg,plastic
6,train/6.jpg,plastic
7,train/7.jpg,paper
8,train/8.jpg,others
9,train/9.jpg,plastic
10,train/10.jpg,plastic
11,train/11.jpg,others
12,train/12.jpg,plastic
13,train/13.jpg,plastic
14,train/14.jpg,plastic
15,train/15.jpg,paper
16,train/16.jpg,paper
17,train/17.jpg,paper
18,train/18.jpg,metal
19,train/19.jpg,carton
20,train/20.jpg,plastic
21,train/21.jpg,carton
22,train/22.jpg,paper
23,train/23.jpg,others
24,train/24.jpg,others
25,train/25.jpg,paper
26,train/26.jpg,plastic
27,train/27.jpg,plastic
28,train/28.jpg,plastic
29,train/29.jpg,plastic
30,train/30.jpg,metal
31,train/31.jpg,plastic
32,train/32.jpg,others
33,train/33.jpg,others
34,train/34.jpg,paper
35,train/35.jpg,metal
36,train/36.jpg,plastic
37,train/37.jpg,plastic
38,train/38.jpg,plastic
39,train/39.jpg,metal
40,train/40.jpg,plastic
41,train/41.jpg,plastic
42,train/42.jpg,plastic
43,train/43.jpg,plastic
44,train/44.jpg,others
45,train/45.jpg,others
46,train/46.jpg,paper
47,train/47.jpg,plastic
48,train/48.jpg,plastic
49,train/49.jpg,plastic
50,train/50.jpg,plastic
51,train/51.jpg,plastic
52,train/52.jpg,plastic
53,train/53.jpg,plastic
54,train/54.jpg,plastic
55,train/55.jpg,plastic
56,train/56.jpg,plastic
57,train/57.jpg,others
58,train/58.jpg,others
59,train/59.jpg,paper
60,train/60.jpg,metal
61,train/61.jpg,paper
62,train/62.jpg,metal
63,train/63.jpg,plastic
64,train/64.jpg,metal
65,train/65.jpg,plastic
66,train/66.jpg,paper
67,train/67.jpg,plastic
68,train/68.jpg,plastic
69,train/69.jpg,plastic
70,train/70.jpg,plastic
71,train/71.jpg,plastic
72,train/72.jpg,carton
73,train/73.jpg,plastic
74,train/74.jpg,plastic
75,train/75.jpg,metal
76,train/76.jpg,plastic
77,train/77.jpg,plastic
78,train/78.jpg,others
79,train/79.jpg,plastic
80,train/80.jpg,plastic
81,train/81.jpg,plastic
82,train/82.jpg,plastic
83,train/83.jpg,plastic
84,train/84.jpg,plastic
85,train/85.jpg,carton
86,train/86.jpg,plastic
87,train/87.jpg,plastic
88,train/88.jpg,plastic
89,train/89.jpg,metal
90,train/90.jpg,plastic
91,train/91.jpg,plastic
92,train/92.jpg,plastic
93,train/93.jpg,plastic
94,train/94.jpg,plastic
95,train/95.jpg,plastic
96,train/96.jpg,plastic
97,train/97.jpg,plastic
98,train/98.jpg,paper
99,train/99.jpg,carton
100,train/100.jpg,others
101,train/101.jpg,others
102,train/102.jpg,metal
103,train/103.jpg,metal
104,train/104.jpg,plastic
105,train/105.jpg,plastic
106,train/106.jpg,plastic
107,train/107.jpg,paper
108,train/108.jpg,plastic
109,train/109.jpg,plastic
110,train/110.jpg,plastic
111,train/111.jpg,plastic
112,train/112.jpg,plastic
113,train/113.jpg,plastic
114,train/114.jpg,others
115,train/115.jpg,plastic
116,train/116.jpg,paper
117,train/117.jpg,plastic
118,train/118.jpg,plastic
119,train/119.jpg,plastic
120,train/120.jpg,plastic
121,train/121.jpg,metal
122,train/122.jpg,paper
123,train/123.jpg,metal
124,train/124.jpg,plastic
125,train/125.jpg,others
126,train/126.jpg,plastic
127,train/127.jpg,paper
128,train/128.jpg,plastic
129,train/129.jpg,carton
130,train/130.jpg,plastic
131,train/131.jpg,plastic
132,train/132.jpg,others
133,train/133.jpg,plastic
134,train/134.jpg,plastic
135,train/135.jpg,paper
136,train/136.jpg,paper
137,train/137.jpg,plastic
138,train/138.jpg,plastic
139,train/139.jpg,others
140,train/140.jpg,plastic
141,train/141.jpg,others
142,train/142.jpg,others
143,train/143.jpg,plastic
144,train/144.jpg,paper
145,train/145.jpg,others
146,train/146.jpg,plastic
147,train/147.jpg,plastic
148,train/148.jpg,others
149,train/149.jpg,plastic
150,train/150.jpg,paper
151,train/151.jpg,plastic
152,train/152.jpg,plastic
153,train/153.jpg,metal
154,train/154.jpg,carton
155,train/155.jpg,paper
156,train/156.jpg,plastic
157,train/157.jpg,metal
158,train/158.jpg,carton
159,train/159.jpg,paper
160,train/160.jpg,metal
161,train/161.jpg,carton
162,train/162.jpg,plastic
163,train/163.jpg,plastic
164,train/164.jpg,metal
165,train/165.jpg,metal
166,train/166.jpg,plastic
167,train/167.jpg,plastic
168,train/168.jpg,metal
169,train/169.jpg,paper
170,train/170.jpg,metal
171,train/171.jpg,plastic
172,train/172.jpg,others
173,train/173.jpg,others
174,train/174.jpg,plastic
175,train/175.jpg,plastic
176,train/176.jpg,carton
177,train/177.jpg,plastic
178,train/178.jpg,plastic
179,train/179.jpg,carton
180,train/180.jpg,plastic
181,train/181.jpg,plastic
182,train/182.jpg,plastic
183,train/183.jpg,plastic
184,train/184.jpg,plastic
185,train/185.jpg,plastic
186,train/186.jpg,plastic
187,train/187.jpg,paper
188,train/188.jpg,plastic
189,train/189.jpg,plastic
190,train/190.jpg,plastic
191,train/191.jpg,plastic
192,train/192.jpg,others
193,train/193.jpg,plastic
194,train/194.jpg,plastic
195,train/195.jpg,paper
196,train/196.jpg,plastic
197,train/197.jpg,plastic
198,train/198.jpg,paper
199,train/199.jpg,plastic
200,train/200.jpg,others
201,train/201.jpg,plastic
202,train/202.jpg,plastic
203,train/203.jpg,plastic
204,train/204.jpg,paper
205,train/205.jpg,plastic
206,train/206.jpg,plastic
207,train/207.jpg,plastic
208,train/208.jpg,plastic
209,train/209.jpg,others
210,train/210.jpg,plastic
211,train/211.jpg,plastic
212,train/212.jpg,plastic
213,train/213.jpg,plastic
214,train/214.jpg,plastic
215,train/215.jpg,paper
216,train/216.jpg,others
217,train/217.jpg,paper
218,train/218.jpg,plastic
219,train/219.jpg,others
220,train/220.jpg,metal
221,train/221.jpg,carton
222,train/222.jpg,plastic
223,train/223.jpg,plastic
224,train/224.jpg,carton
225,train/225.jpg,plastic
226,train/226.jpg,plastic
227,train/227.jpg,plastic
228,train/228.jpg,metal
229,train/229.jpg,plastic
230,train/230.jpg,metal
231,train/231.jpg,plastic
232,train/232.jpg,plastic
233,train/233.jpg,plastic
234,train/234.jpg,plastic
235,train/235.jpg,others
236,train/236.jpg,plastic
237,train/237.jpg,plastic
238,train/238.jpg,plastic
239,train/239.jpg,plastic
240,train/240.jpg,plastic
241,train/241.jpg,metal
242,train/242.jpg,paper
243,train/243.jpg,plastic
244,train/244.jpg,plastic
245,train/245.jpg,plastic
246,train/246.jpg,plastic
247,train/247.jpg,plastic
248,train/248.jpg,plastic
249,train/249.jpg,plastic
250,train/250.jpg,others
251,train/251.jpg,plastic
252,train/252.jpg,paper
253,train/253.jpg,carton
254,train/254.jpg,paper
255,train/255.jpg,plastic
256,train/256.jpg,carton
257,train/257.jpg,others
258,train/258.jpg,others
259,train/259.jpg,plastic
260,train/260.jpg,plastic
261,train/261.jpg,plastic
262,train/262.jpg,plastic
263,train/263.jpg,metal
264,train/264.jpg,others
265,train/265.jpg,plastic
266,train/266.jpg,carton
267,train/267.jpg,others
268,train/268.jpg,plastic
269,train/269.jpg,plastic
270,train/270.jpg,paper
271,train/271.jpg,carton
272,train/272.jpg,metal
273,train/273.jpg,plastic
274,train/274.jpg,carton
275,train/275.jpg,plastic
276,train/276.jpg,others
277,train/277.jpg,plastic
278,train/278.jpg,plastic
279,train/279.jpg,metal
280,train/280.jpg,plastic
281,train/281.jpg,plastic
282,train/282.jpg,plastic
283,train/283.jpg,paper
284,train/284.jpg,plastic
285,train/285.jpg,metal
286,train/286.jpg,others
287,train/287.jpg,plastic
288,train/288.jpg,plastic
289,train/289.jpg,plastic
290,train/290.jpg,plastic
291,train/291.jpg,plastic
292,train/292.jpg,metal
293,train/293.jpg,plastic
294,train/294.jpg,metal
295,train/295.jpg,metal
296,train/296.jpg,plastic
297,train/297.jpg,plastic
298,train/298.jpg,metal
299,train/299.jpg,carton
300,train/300.jpg,carton
301,train/301.jpg,plastic
302,train/302.jpg,plastic
303,train/303.jpg,metal
304,train/304.jpg,metal
305,train/305.jpg,plastic
306,train/306.jpg,others
307,train/307.jpg,metal
308,train/308.jpg,metal
309,train/309.jpg,carton
310,train/310.jpg,paper
311,train/311.jpg,plastic
312,train/312.jpg,plastic
313,train/313.jpg,paper
314,train/314.jpg,plastic
315,train/315.jpg,others
316,train/316.jpg,plastic
317,train/317.jpg,plastic
318,train/318.jpg,plastic
319,train/319.jpg,metal
320,train/320.jpg,plastic
321,train/321.jpg,metal
322,train/322.jpg,plastic
323,train/323.jpg,paper
324,train/324.jpg,plastic
325,train/325.jpg,plastic
326,train/326.jpg,paper
327,train/327.jpg,plastic
328,train/328.jpg,plastic
329,train/329.jpg,paper
330,train/330.jpg,carton
331,train/331.jpg,plastic
332,train/332.jpg,plastic
333,train/333.jpg,others
334,train/334.jpg,paper
335,train/335.jpg,metal
336,train/336.jpg,plastic
337,train/337.jpg,metal
338,train/338.jpg,plastic
339,train/339.jpg,metal
340,train/340.jpg,metal
341,train/341.jpg,metal
342,train/342.jpg,plastic
343,train/343.jpg,metal
344,train/344.jpg,plastic
345,train/345.jpg,plastic
346,train/346.jpg,paper
347,train/347.jpg,plastic
348,train/348.jpg,plastic
349,train/349.jpg,plastic
350,train/350.jpg,others
351,train/351.jpg,others
352,train/352.jpg,plastic
353,train/353.jpg,paper
354,train/354.jpg,metal
355,train/355.jpg,plastic
356,train/356.jpg,plastic
357,train/357.jpg,others
358,train/358.jpg,plastic
359,train/359.jpg,plastic
360,train/360.jpg,carton
361,train/361.jpg,metal
362,train/362.jpg,plastic
363,train/363.jpg,plastic
364,train/364.jpg,plastic
365,train/365.jpg,metal
366,train/366.jpg,others
367,train/367.jpg,others
368,train/368.jpg,others
369,train/369.jpg,carton
370,train/370.jpg,metal
371,train/371.jpg,plastic
372,train/372.jpg,plastic
373,train/373.jpg,plastic
374,train/374.jpg,plastic
375,train/375.jpg,carton
376,train/376.jpg,plastic
377,train/377.jpg,plastic
378,train/378.jpg,plastic
379,train/379.jpg,plastic
380,train/380.jpg,plastic
381,train/381.jpg,metal
382,train/382.jpg,plastic
383,train/383.jpg,carton
384,train/384.jpg,plastic
385,train/385.jpg,plastic
386,train/386.jpg,metal
387,train/387.jpg,carton
388,train/388.jpg,metal
389,train/389.jpg,plastic
390,train/390.jpg,others
391,train/391.jpg,plastic
392,train/392.jpg,plastic
393,train/393.jpg,plastic
394,train/394.jpg,paper
395,train/395.jpg,others
396,train/396.jpg,paper
397,train/397.jpg,paper
398,train/398.jpg,plastic
399,train/399.jpg,others
400,train/400.jpg,carton
401,train/401.jpg,others
402,train/402.jpg,plastic
403,train/403.jpg,plastic
404,train/404.jpg,plastic
405,train/405.jpg,plastic
406,train/406.jpg,plastic
407,train/407.jpg,others
408,train/408.jpg,paper
409,train/409.jpg,metal
410,train/410.jpg,plastic
411,train/411.jpg,paper
412,train/412.jpg,plastic
413,train/413.jpg,paper
414,train/414.jpg,others
415,train/415.jpg,others
416,train/416.jpg,paper
417,train/417.jpg,others
418,train/418.jpg,metal
419,train/419.jpg,plastic
420,train/420.jpg,paper
421,train/421.jpg,paper
422,train/422.jpg,metal
423,train/423.jpg,metal
424,train/424.jpg,metal
425,train/425.jpg,paper
426,train/426.jpg,others
427,train/427.jpg,carton
428,train/428.jpg,plastic
429,train/429.jpg,metal
430,train/430.jpg,plastic
431,train/431.jpg,plastic
432,train/432.jpg,paper
433,train/433.jpg,plastic
434,train/434.jpg,paper
435,train/435.jpg,plastic
436,train/436.jpg,plastic
437,train/437.jpg,plastic
438,train/438.jpg,plastic
439,train/439.jpg,plastic
440,train/440.jpg,plastic
441,train/441.jpg,plastic
442,train/442.jpg,plastic
443,train/443.jpg,plastic
444,train/444.jpg,metal
445,train/445.jpg,plastic
446,train/446.jpg,metal
447,train/447.jpg,plastic
448,train/448.jpg,metal
449,train/449.jpg,plastic
450,train/450.jpg,plastic
451,train/451.jpg,metal
452,train/452.jpg,metal
453,train/453.jpg,paper
454,train/454.jpg,metal
455,train/455.jpg,paper
456,train/456.jpg,metal
457,train/457.jpg,carton
458,train/458.jpg,paper
459,train/459.jpg,carton
460,train/460.jpg,paper
461,train/461.jpg,plastic
462,train/462.jpg,metal
463,train/463.jpg,metal
464,train/464.jpg,metal
465,train/465.jpg,metal
466,train/466.jpg,plastic
467,train/467.jpg,carton
468,train/468.jpg,plastic
469,train/469.jpg,others
470,train/470.jpg,plastic
471,train/471.jpg,plastic
472,train/472.jpg,plastic
473,train/473.jpg,metal
474,train/474.jpg,metal
475,train/475.jpg,carton
476,train/476.jpg,paper
477,train/477.jpg,carton
478,train/478.jpg,metal
479,train/479.jpg,metal
480,train/480.jpg,plastic
481,train/481.jpg,plastic
482,train/482.jpg,plastic
483,train/483.jpg,others
484,train/484.jpg,plastic
485,train/485.jpg,metal
486,train/486.jpg,paper
487,train/487.jpg,carton
488,train/488.jpg,plastic
489,train/489.jpg,metal
490,train/490.jpg,others
491,train/491.jpg,carton
492,train/492.jpg,plastic
493,train/493.jpg,plastic
494,train/494.jpg,metal
495,train/495.jpg,plastic
496,train/496.jpg,carton
497,train/497.jpg,plastic
498,train/498.jpg,metal
499,train/499.jpg,paper
500,train/500.jpg,carton
501,train/501.jpg,plastic
502,train/502.jpg,metal
503,train/503.jpg,others
504,train/504.jpg,plastic
505,train/505.jpg,carton
506,train/506.jpg,metal
507,train/507.jpg,carton
508,train/508.jpg,metal
509,train/509.jpg,paper
510,train/510.jpg,plastic
511,train/511.jpg,paper
512,train/512.jpg,metal
513,train/513.jpg,plastic
514,train/514.jpg,others
515,train/515.jpg,plastic
516,train/516.jpg,plastic
517,train/517.jpg,others
518,train/518.jpg,plastic
519,train/519.jpg,paper
520,train/520.jpg,metal
521,train/521.jpg,metal
522,train/522.jpg,others
523,train/523.jpg,others
524,train/524.jpg,plastic
525,train/525.jpg,plastic
526,train/526.jpg,plastic
527,train/527.jpg,plastic
528,train/528.jpg,paper
529,train/529.jpg,plastic
530,train/530.jpg,metal
531,train/531.jpg,others
532,train/532.jpg,metal
533,train/533.jpg,plastic
534,train/534.jpg,plastic
535,train/535.jpg,plastic
536,train/536.jpg,others
537,train/537.jpg,others
538,train/538.jpg,plastic
539,train/539.jpg,plastic
540,train/540.jpg,plastic
541,train/541.jpg,plastic
542,train/542.jpg,carton
543,train/543.jpg,others
544,train/544.jpg,plastic
545,train/545.jpg,metal
546,train/546.jpg,plastic
547,train/547.jpg,plastic
548,train/548.jpg,metal
549,train/549.jpg,plastic
550,train/550.jpg,carton
551,train/551.jpg,others
552,train/552.jpg,plastic
553,train/553.jpg,others
554,train/554.jpg,carton
555,train/555.jpg,others
556,train/556.jpg,carton
557,train/557.jpg,plastic
558,train/558.jpg,plastic
559,train/559.jpg,metal
560,train/560.jpg,plastic
561,train/561.jpg,paper
562,train/562.jpg,plastic
563,train/563.jpg,metal
564,train/564.jpg,plastic
565,train/565.jpg,plastic
566,train/566.jpg,paper
567,train/567.jpg,plastic
568,train/568.jpg,plastic
569,train/569.jpg,carton
570,train/570.jpg,plastic
571,train/571.jpg,plastic
572,train/572.jpg,carton
573,train/573.jpg,plastic
574,train/574.jpg,others
575,train/575.jpg,paper
576,train/576.jpg,paper
577,train/577.jpg,plastic
578,train/578.jpg,paper
579,train/579.jpg,plastic
580,train/580.jpg,plastic
581,train/581.jpg,paper
582,train/582.jpg,carton
583,train/583.jpg,plastic
584,train/584.jpg,metal
585,train/585.jpg,plastic
586,train/586.jpg,others
587,train/587.jpg,plastic
588,train/588.jpg,others
589,train/589.jpg,plastic
590,train/590.jpg,carton
591,train/591.jpg,plastic
592,train/592.jpg,plastic
593,train/593.jpg,others
594,train/594.jpg,others
595,train/595.jpg,plastic
596,train/596.jpg,plastic
597,train/597.jpg,plastic
598,train/598.jpg,carton
599,train/599.jpg,paper
600,train/600.jpg,carton
601,train/601.jpg,metal
602,train/602.jpg,paper
603,train/603.jpg,paper
604,train/604.jpg,plastic
605,train/605.jpg,paper
606,train/606.jpg,plastic
607,train/607.jpg,plastic
608,train/608.jpg,plastic
609,train/609.jpg,metal
610,train/610.jpg,plastic
611,train/611.jpg,metal
612,train/612.jpg,plastic
613,train/613.jpg,paper
614,train/614.jpg,plastic
615,train/615.jpg,others
616,train/616.jpg,carton
617,train/617.jpg,carton
618,train/618.jpg,paper
619,train/619.jpg,others
620,train/620.jpg,plastic
621,train/621.jpg,plastic
622,train/622.jpg,plastic
623,train/623.jpg,plastic
624,train/624.jpg,plastic
625,train/625.jpg,others
626,train/626.jpg,carton
627,train/627.jpg,plastic
628,train/628.jpg,plastic
629,train/629.jpg,plastic
630,train/630.jpg,plastic
631,train/631.jpg,others
632,train/632.jpg,plastic
633,train/633.jpg,metal
634,train/634.jpg,plastic
635,train/635.jpg,metal
636,train/636.jpg,plastic
637,train/637.jpg,metal
638,train/638.jpg,others
639,train/639.jpg,others
640,train/640.jpg,plastic
641,train/641.jpg,plastic
642,train/642.jpg,metal
643,train/643.jpg,plastic
644,train/644.jpg,others
645,train/645.jpg,plastic
646,train/646.jpg,metal
647,train/647.jpg,metal
648,train/648.jpg,plastic
649,train/649.jpg,carton
650,train/650.jpg,carton
651,train/651.jpg,carton
652,train/652.jpg,plastic
653,train/653.jpg,plastic
654,train/654.jpg,others
655,train/655.jpg,carton
656,train/656.jpg,carton
657,train/657.jpg,paper
658,train/658.jpg,plastic
659,train/659.jpg,plastic
660,train/660.jpg,metal
661,train/661.jpg,carton
662,train/662.jpg,plastic
663,train/663.jpg,metal
664,train/664.jpg,metal
665,train/665.jpg,plastic
666,train/666.jpg,metal
667,train/667.jpg,plastic
668,train/668.jpg,paper
669,train/669.jpg,plastic
670,train/670.jpg,carton
671,train/671.jpg,others
672,train/672.jpg,metal
673,train/673.jpg,plastic
674,train/674.jpg,metal
675,train/675.jpg,others
676,train/676.jpg,carton
677,train/677.jpg,paper
678,train/678.jpg,plastic
679,train/679.jpg,plastic
680,train/680.jpg,paper
681,train/681.jpg,plastic
682,train/682.jpg,metal
683,train/683.jpg,carton
684,train/684.jpg,carton
685,train/685.jpg,plastic
686,train/686.jpg,plastic
687,train/687.jpg,metal
688,train/688.jpg,plastic
689,train/689.jpg,metal
690,train/690.jpg,paper
691,train/691.jpg,plastic
692,train/692.jpg,paper
693,train/693.jpg,plastic
694,train/694.jpg,metal
695,train/695.jpg,plastic
696,train/696.jpg,plastic
697,train/697.jpg,metal
698,train/698.jpg,plastic
699,train/699.jpg,carton
700,train/700.jpg,plastic
701,train/701.jpg,plastic
702,train/702.jpg,plastic
703,train/703.jpg,paper
704,train/704.jpg,metal
705,train/705.jpg,metal
706,train/706.jpg,plastic
707,train/707.jpg,plastic
708,train/708.jpg,plastic
709,train/709.jpg,metal
710,train/710.jpg,plastic
711,train/711.jpg,plastic
712,train/712.jpg,plastic
713,train/713.jpg,plastic
714,train/714.jpg,plastic
715,train/715.jpg,carton
716,train/716.jpg,plastic
717,train/717.jpg,plastic
718,train/718.jpg,metal
719,train/719.jpg,plastic
720,train/720.jpg,plastic
721,train/721.jpg,metal
722,train/722.jpg,paper
723,train/723.jpg,plastic
724,train/724.jpg,carton
725,train/725.jpg,plastic
726,train/726.jpg,plastic
727,train/727.jpg,metal
728,train/728.jpg,metal
729,train/729.jpg,others
730,train/730.jpg,plastic
731,train/731.jpg,paper
732,train/732.jpg,plastic
733,train/733.jpg,plastic
734,train/734.jpg,paper
735,train/735.jpg,plastic
736,train/736.jpg,carton
737,train/737.jpg,plastic
738,train/738.jpg,plastic
739,train/739.jpg,paper
740,train/740.jpg,plastic
741,train/741.jpg,others
742,train/742.jpg,plastic
743,train/743.jpg,carton
744,train/744.jpg,metal
745,train/745.jpg,plastic
746,train/746.jpg,plastic
747,train/747.jpg,plastic
748,train/748.jpg,others
749,train/749.jpg,paper
750,train/750.jpg,others
751,train/751.jpg,plastic
752,train/752.jpg,paper
753,train/753.jpg,plastic
754,train/754.jpg,paper
755,train/755.jpg,plastic
756,train/756.jpg,plastic
757,train/757.jpg,others
758,train/758.jpg,paper
759,train/759.jpg,plastic
760,train/760.jpg,plastic
761,train/761.jpg,metal
762,train/762.jpg,plastic
763,train/763.jpg,paper
764,train/764.jpg,metal
765,train/765.jpg,plastic
766,train/766.jpg,plastic
767,train/767.jpg,carton
768,train/768.jpg,plastic
769,train/769.jpg,plastic
770,train/770.jpg,paper
771,train/771.jpg,others
772,train/772.jpg,plastic
773,train/773.jpg,others
774,train/774.jpg,plastic
775,train/775.jpg,plastic
776,train/776.jpg,metal
777,train/777.jpg,plastic
778,train/778.jpg,others
779,train/779.jpg,carton
780,train/780.jpg,plastic
781,train/781.jpg,metal
782,train/782.jpg,plastic
783,train/783.jpg,plastic
784,train/784.jpg,plastic
785,train/785.jpg,plastic
786,train/786.jpg,metal
787,train/787.jpg,paper
788,train/788.jpg,others
789,train/789.jpg,plastic
790,train/790.jpg,others
791,train/791.jpg,carton
792,train/792.jpg,plastic
793,train/793.jpg,paper
794,train/794.jpg,plastic
795,train/795.jpg,others
796,train/796.jpg,others
797,train/797.jpg,plastic
798,train/798.jpg,carton
799,train/799.jpg,paper
800,train/800.jpg,plastic
801,train/801.jpg,plastic
802,train/802.jpg,plastic
803,train/803.jpg,plastic
804,train/804.jpg,metal
805,train/805.jpg,carton
806,train/806.jpg,plastic
807,train/807.jpg,plastic
808,train/808.jpg,metal
809,train/809.jpg,carton
810,train/810.jpg,others
811,train/811.jpg,plastic
812,train/812.jpg,carton
813,train/813.jpg,plastic
814,train/814.jpg,plastic
815,train/815.jpg,plastic
816,train/816.jpg,plastic
817,train/817.jpg,plastic
818,train/818.jpg,carton
819,train/819.jpg,plastic
820,train/820.jpg,paper
821,train/821.jpg,paper
822,train/822.jpg,carton
823,train/823.jpg,paper
824,train/824.jpg,carton
825,train/825.jpg,carton
826,train/826.jpg,paper
827,train/827.jpg,plastic
828,train/828.jpg,plastic
829,train/829.jpg,plastic
830,train/830.jpg,paper
831,train/831.jpg,plastic
832,train/832.jpg,metal
833,train/833.jpg,plastic
834,train/834.jpg,plastic
835,train/835.jpg,plastic
836,train/836.jpg,carton
837,train/837.jpg,carton
838,train/838.jpg,plastic
839,train/839.jpg,carton
840,train/840.jpg,paper
841,train/841.jpg,others
842,train/842.jpg,plastic
843,train/843.jpg,carton
844,train/844.jpg,plastic
845,train/845.jpg,plastic
846,train/846.jpg,metal
847,train/847.jpg,plastic
848,train/848.jpg,plastic
849,train/849.jpg,plastic
850,train/850.jpg,plastic
851,train/851.jpg,metal
852,train/852.jpg,metal
853,train/853.jpg,paper
854,train/854.jpg,plastic
855,train/855.jpg,plastic
856,train/856.jpg,plastic
857,train/857.jpg,others
858,train/858.jpg,metal
859,train/859.jpg,plastic
860,train/860.jpg,others
861,train/861.jpg,plastic
862,train/862.jpg,others
863,train/863.jpg,plastic
864,train/864.jpg,others
865,train/865.jpg,paper
866,train/866.jpg,plastic
867,train/867.jpg,plastic
868,train/868.jpg,plastic
869,train/869.jpg,plastic
870,train/870.jpg,plastic
871,train/871.jpg,metal
872,train/872.jpg,paper
873,train/873.jpg,others
874,train/874.jpg,plastic
875,train/875.jpg,plastic
876,train/876.jpg,plastic
877,train/877.jpg,paper
878,train/878.jpg,plastic
879,train/879.jpg,others
880,train/880.jpg,plastic
881,train/881.jpg,metal
882,train/882.jpg,plastic
883,train/883.jpg,plastic
884,train/884.jpg,paper
885,train/885.jpg,paper
886,train/886.jpg,metal
887,train/887.jpg,plastic
888,train/888.jpg,paper
889,train/889.jpg,plastic
890,train/890.jpg,plastic
891,train/891.jpg,plastic
892,train/892.jpg,others
893,train/893.jpg,carton
894,train/894.jpg,plastic
895,train/895.jpg,plastic
896,train/896.jpg,metal
897,train/897.jpg,plastic
898,train/898.jpg,plastic
899,train/899.jpg,carton
900,train/900.jpg,plastic
901,train/901.jpg,plastic
902,train/902.jpg,plastic
903,train/903.jpg,metal
904,train/904.jpg,others
905,train/905.jpg,metal
906,train/906.jpg,paper
907,train/907.jpg,plastic
908,train/908.jpg,plastic
909,train/909.jpg,plastic
910,train/910.jpg,plastic
911,train/911.jpg,carton
912,train/912.jpg,plastic
913,train/913.jpg,paper
914,train/914.jpg,others
915,train/915.jpg,carton
916,train/916.jpg,others
917,train/917.jpg,others
918,train/918.jpg,others
919,train/919.jpg,plastic
920,train/920.jpg,metal
921,train/921.jpg,plastic
922,train/922.jpg,plastic
923,train/923.jpg,plastic
924,train/924.jpg,plastic
925,train/925.jpg,plastic
926,train/926.jpg,plastic
927,train/927.jpg,paper
928,train/928.jpg,metal
929,train/929.jpg,plastic
930,train/930.jpg,metal
931,train/931.jpg,paper
932,train/932.jpg,others
933,train/933.jpg,paper
934,train/934.jpg,paper
935,train/935.jpg,plastic
936,train/936.jpg,metal
937,train/937.jpg,plastic
938,train/938.jpg,plastic
939,train/939.jpg,plastic
940,train/940.jpg,paper
941,train/941.jpg,metal
942,train/942.jpg,paper
943,train/943.jpg,paper
944,train/944.jpg,metal
945,train/945.jpg,plastic
946,train/946.jpg,others
947,train/947.jpg,plastic
948,train/948.jpg,plastic
949,train/949.jpg,plastic
950,train/950.jpg,carton
951,train/951.jpg,paper
952,train/952.jpg,metal
953,train/953.jpg,plastic
954,train/954.jpg,plastic
955,train/955.jpg,plastic
956,train/956.jpg,metal
957,train/957.jpg,plastic
958,train/958.jpg,plastic
959,train/959.jpg,plastic
960,train/960.jpg,paper
961,train/961.jpg,metal
962,train/962.jpg,plastic
963,train/963.jpg,metal
964,train/964.jpg,others
965,train/965.jpg,others
966,train/966.jpg,others
967,train/967.jpg,plastic
968,train/968.jpg,plastic
969,train/969.jpg,plastic
970,train/970.jpg,plastic
971,train/971.jpg,plastic
972,train/972.jpg,metal
973,train/973.jpg,carton
974,train/974.jpg,metal
975,train/975.jpg,paper
976,train/976.jpg,others
977,train/977.jpg,plastic
978,train/978.jpg,carton
979,train/979.jpg,metal
980,train/980.jpg,plastic
981,train/981.jpg,plastic
982,train/982.jpg,plastic
983,train/983.jpg,plastic
984,train/984.jpg,metal
985,train/985.jpg,paper
986,train/986.jpg,plastic
987,train/987.jpg,others
988,train/988.jpg,plastic
989,train/989.jpg,plastic
990,train/990.jpg,others
991,train/991.jpg,metal
992,train/992.jpg,plastic
993,train/993.jpg,metal
994,train/994.jpg,plastic
995,train/995.jpg,carton
996,train/996.jpg,plastic
997,train/997.jpg,metal
998,train/998.jpg,paper
999,train/999.jpg,plastic
1000,train/1000.jpg,paper
1001,train/1001.jpg,plastic
1002,train/1002.jpg,others
1003,train/1003.jpg,paper
1004,train/1004.jpg,paper
1005,train/1005.jpg,metal
1006,train/1006.jpg,carton
1007,train/1007.jpg,plastic
1008,train/1008.jpg,plastic
1009,train/1009.jpg,plastic
1010,train/1010.jpg,plastic
1011,train/1011.jpg,others
1012,train/1012.jpg,metal
1013,train/1013.jpg,others
1014,train/1014.jpg,metal
1015,train/1015.jpg,paper
1016,train/1016.jpg,metal
1017,train/1017.jpg,plastic
1018,train/1018.jpg,plastic
1019,train/1019.jpg,metal
1020,train/1020.jpg,paper
1021,train/1021.jpg,plastic
1022,train/1022.jpg,metal
1023,train/1023.jpg,plastic
1024,train/1024.jpg,plastic
1025,train/1025.jpg,others
1026,train/1026.jpg,others
1027,train/1027.jpg,others
1028,train/1028.jpg,metal
1029,train/1029.jpg,plastic
1030,train/1030.jpg,others
1031,train/1031.jpg,metal
1032,train/1032.jpg,metal
1033,train/1033.jpg,others
1034,train/1034.jpg,paper
1035,train/1035.jpg,metal
1036,train/1036.jpg,plastic
1037,train/1037.jpg,plastic
1038,train/1038.jpg,plastic
1039,train/1039.jpg,plastic
1040,train/1040.jpg,others
1041,train/1041.jpg,others
1042,train/1042.jpg,plastic
1043,train/1043.jpg,others
1044,train/1044.jpg,plastic
1045,train/1045.jpg,metal
1046,train/1046.jpg,plastic
1047,train/1047.jpg,carton
1048,train/1048.jpg,plastic
1049,train/1049.jpg,plastic
1050,train/1050.jpg,plastic
1051,train/1051.jpg,metal
1052,train/1052.jpg,paper
1053,train/1053.jpg,plastic
1054,train/1054.jpg,metal
1055,train/1055.jpg,paper
1056,train/1056.jpg,metal
1057,train/1057.jpg,carton
1058,train/1058.jpg,plastic
1059,train/1059.jpg,plastic
1060,train/1060.jpg,plastic
1061,train/1061.jpg,others
1062,train/1062.jpg,plastic
1063,train/1063.jpg,plastic
1064,train/1064.jpg,plastic
1065,train/1065.jpg,plastic
1066,train/1066.jpg,plastic
1067,train/1067.jpg,metal
1068,train/1068.jpg,metal
1069,train/1069.jpg,others
1070,train/1070.jpg,plastic
1071,train/1071.jpg,plastic
1072,train/1072.jpg,paper
1073,train/1073.jpg,metal
1074,train/1074.jpg,metal
1075,train/1075.jpg,plastic
1076,train/1076.jpg,metal
1077,train/1077.jpg,carton
1078,train/1078.jpg,metal
1079,train/1079.jpg,others
1080,train/1080.jpg,others
1081,train/1081.jpg,metal
1082,train/1082.jpg,paper
1083,train/1083.jpg,plastic
1084,train/1084.jpg,plastic
1085,train/1085.jpg,plastic
1086,train/1086.jpg,others
1087,train/1087.jpg,metal
1088,train/1088.jpg,plastic
1089,train/1089.jpg,carton
1090,train/1090.jpg,plastic
1091,train/1091.jpg,carton
1092,train/1092.jpg,plastic
1093,train/1093.jpg,plastic
1094,train/1094.jpg,paper
1095,train/1095.jpg,plastic
1096,train/1096.jpg,plastic
1097,train/1097.jpg,carton
1098,train/1098.jpg,others
1099,train/1099.jpg,paper
1100,train/1100.jpg,others
1101,train/1101.jpg,metal
1102,train/1102.jpg,carton
1103,train/1103.jpg,paper
1104,train/1104.jpg,plastic
1105,train/1105.jpg,plastic
1106,train/1106.jpg,plastic
1107,train/1107.jpg,paper
1108,train/1108.jpg,paper
1109,train/1109.jpg,plastic
1110,train/1110.jpg,plastic
1111,train/1111.jpg,carton
1112,train/1112.jpg,plastic
1113,train/1113.jpg,metal
1114,train/1114.jpg,plastic
1115,train/1115.jpg,metal
1116,train/1116.jpg,plastic
1117,train/1117.jpg,carton
1118,train/1118.jpg,carton
1119,train/1119.jpg,plastic
1120,train/1120.jpg,plastic
1121,train/1121.jpg,carton
1122,train/1122.jpg,plastic
1123,train/1123.jpg,plastic
1124,train/1124.jpg,plastic
1125,train/1125.jpg,metal
1126,train/1126.jpg,metal
1127,train/1127.jpg,plastic
1128,train/1128.jpg,metal
1129,train/1129.jpg,metal
1130,train/1130.jpg,paper
1131,train/1131.jpg,paper
1132,train/1132.jpg,plastic
1133,train/1133.jpg,plastic
1134,train/1134.jpg,plastic
1135,train/1135.jpg,plastic
1136,train/1136.jpg,metal
1137,train/1137.jpg,carton
1138,train/1138.jpg,paper
1139,train/1139.jpg,plastic
1140,train/1140.jpg,metal
1141,train/1141.jpg,paper
1142,train/1142.jpg,carton
1143,train/1143.jpg,plastic
1144,train/1144.jpg,metal
1145,train/1145.jpg,paper
1146,train/1146.jpg,others
1147,train/1147.jpg,plastic
1148,train/1148.jpg,plastic
1149,train/1149.jpg,plastic
1150,train/1150.jpg,plastic
1151,train/1151.jpg,plastic
1152,train/1152.jpg,plastic
1153,train/1153.jpg,paper
1154,train/1154.jpg,metal
1155,train/1155.jpg,plastic
1156,train/1156.jpg,others
1157,train/1157.jpg,carton
1158,train/1158.jpg,plastic
1159,train/1159.jpg,metal
1160,train/1160.jpg,paper
1161,train/1161.jpg,metal
1162,train/1162.jpg,plastic
1163,train/1163.jpg,plastic
1164,train/1164.jpg,plastic
1165,train/1165.jpg,carton
1166,train/1166.jpg,paper
1167,train/1167.jpg,plastic
1168,train/1168.jpg,paper
1169,train/1169.jpg,metal
1170,train/1170.jpg,plastic
1171,train/1171.jpg,metal
1172,train/1172.jpg,plastic
1173,train/1173.jpg,plastic
1174,train/1174.jpg,others
1175,train/1175.jpg,plastic
1176,train/1176.jpg,metal
1177,train/1177.jpg,plastic
1178,train/1178.jpg,plastic
1179,train/1179.jpg,paper
1180,train/1180.jpg,plastic
1181,train/1181.jpg,plastic
1182,train/1182.jpg,metal
1183,train/1183.jpg,plastic
1184,train/1184.jpg,metal
1185,train/1185.jpg,metal
1186,train/1186.jpg,plastic
1187,train/1187.jpg,plastic
1188,train/1188.jpg,metal
1189,train/1189.jpg,plastic
1190,train/1190.jpg,others
1191,train/1191.jpg,others
1192,train/1192.jpg,metal
1193,train/1193.jpg,metal
1194,train/1194.jpg,paper
1195,train/1195.jpg,plastic
1196,train/1196.jpg,metal
1197,train/1197.jpg,carton
1198,train/1198.jpg,others
1199,train/1199.jpg,carton
1200,train/1200.jpg,plastic
1201,train/1201.jpg,plastic
1202,train/1202.jpg,metal
1203,train/1203.jpg,carton
1204,train/1204.jpg,plastic
1205,train/1205.jpg,plastic
1206,train/1206.jpg,plastic
1207,train/1207.jpg,others
1208,train/1208.jpg,paper
1209,train/1209.jpg,paper
1210,train/1210.jpg,plastic
1211,train/1211.jpg,plastic
1212,train/1212.jpg,plastic
1213,train/1213.jpg,plastic
1214,train/1214.jpg,metal
1215,train/1215.jpg,plastic
1216,train/1216.jpg,paper
1217,train/1217.jpg,plastic
1218,train/1218.jpg,others
1219,train/1219.jpg,plastic
1220,train/1220.jpg,others
1221,train/1221.jpg,others
1222,train/1222.jpg,plastic
1223,train/1223.jpg,paper
1224,train/1224.jpg,plastic
1225,train/1225.jpg,paper
1226,train/1226.jpg,metal
1227,train/1227.jpg,others
1228,train/1228.jpg,plastic
1229,train/1229.jpg,plastic
1230,train/1230.jpg,paper
1231,train/1231.jpg,plastic
1232,train/1232.jpg,carton
1233,train/1233.jpg,plastic
1234,train/1234.jpg,plastic
1235,train/1235.jpg,plastic
1236,train/1236.jpg,plastic
1237,train/1237.jpg,others
1238,train/1238.jpg,carton
1239,train/1239.jpg,plastic
1240,train/1240.jpg,metal
1241,train/1241.jpg,plastic
1242,train/1242.jpg,plastic
1243,train/1243.jpg,plastic
1244,train/1244.jpg,paper
1245,train/1245.jpg,carton
1246,train/1246.jpg,metal
1247,train/1247.jpg,metal
1248,train/1248.jpg,paper
1249,train/1249.jpg,plastic
1250,train/1250.jpg,paper
1251,train/1251.jpg,metal
1252,train/1252.jpg,plastic
1253,train/1253.jpg,plastic
1254,train/1254.jpg,plastic
1255,train/1255.jpg,carton
1256,train/1256.jpg,plastic
1257,train/1257.jpg,others
1258,train/1258.jpg,plastic
1259,train/1259.jpg,plastic
1260,train/1260.jpg,others
1261,train/1261.jpg,carton
1262,train/1262.jpg,paper
1263,train/1263.jpg,plastic
1264,train/1264.jpg,paper
1265,train/1265.jpg,metal
1266,train/1266.jpg,plastic
1267,train/1267.jpg,paper
1268,train/1268.jpg,plastic
1269,train/1269.jpg,plastic
1270,train/1270.jpg,metal
1271,train/1271.jpg,plastic
1272,train/1272.jpg,others
1273,train/1273.jpg,plastic
1274,train/1274.jpg,paper
1275,train/1275.jpg,metal
1276,train/1276.jpg,plastic
1277,train/1277.jpg,metal
1278,train/1278.jpg,metal
1279,train/1279.jpg,plastic
1280,train/1280.jpg,plastic
1281,train/1281.jpg,metal
1282,train/1282.jpg,plastic
1283,train/1283.jpg,metal
1284,train/1284.jpg,plastic
1285,train/1285.jpg,metal
1286,train/1286.jpg,plastic
1287,train/1287.jpg,plastic
1288,train/1288.jpg,others
1289,train/1289.jpg,plastic
1290,train/1290.jpg,plastic
1291,train/1291.jpg,carton
1292,train/1292.jpg,plastic
1293,train/1293.jpg,plastic
1294,train/1294.jpg,plastic
1295,train/1295.jpg,others
1296,train/1296.jpg,plastic
1297,train/1297.jpg,plastic
1298,train/1298.jpg,plastic
1299,train/1299.jpg,plastic
1300,train/1300.jpg,plastic
1301,train/1301.jpg,plastic
1302,train/1302.jpg,plastic
1303,train/1303.jpg,others
1304,train/1304.jpg,plastic
1305,train/1305.jpg,paper
1306,train/1306.jpg,paper
1307,train/1307.jpg,carton
1308,train/1308.jpg,plastic
1309,train/1309.jpg,carton
1310,train/1310.jpg,metal
1311,train/1311.jpg,plastic
1312,train/1312.jpg,plastic
1313,train/1313.jpg,metal
1314,train/1314.jpg,plastic
1315,train/1315.jpg,others
1316,train/1316.jpg,others
1317,train/1317.jpg,plastic
1318,train/1318.jpg,plastic
1319,train/1319.jpg,plastic
1320,train/1320.jpg,metal
1321,train/1321.jpg,plastic
1322,train/1322.jpg,paper
1323,train/1323.jpg,metal
1324,train/1324.jpg,plastic
1325,train/1325.jpg,plastic
1326,train/1326.jpg,plastic
1327,train/1327.jpg,carton
1328,train/1328.jpg,plastic
1329,train/1329.jpg,plastic
1330,train/1330.jpg,metal
1331,train/1331.jpg,plastic
1332,train/1332.jpg,plastic
1333,train/1333.jpg,plastic
1334,train/1334.jpg,others
1335,train/1335.jpg,plastic
1336,train/1336.jpg,metal
1337,train/1337.jpg,carton
1338,train/1338.jpg,carton
1339,train/1339.jpg,plastic
1340,train/1340.jpg,metal
1341,train/1341.jpg,others
1342,train/1342.jpg,metal
1343,train/1343.jpg,others
1344,train/1344.jpg,plastic
1345,train/1345.jpg,plastic
1346,train/1346.jpg,plastic
1347,train/1347.jpg,others
1348,train/1348.jpg,plastic
1349,train/1349.jpg,metal
1350,train/1350.jpg,plastic
1351,train/1351.jpg,metal
1352,train/1352.jpg,plastic
1353,train/1353.jpg,metal
1354,train/1354.jpg,plastic
1355,train/1355.jpg,paper
1356,train/1356.jpg,plastic
1357,train/1357.jpg,plastic
1358,train/1358.jpg,paper
1359,train/1359.jpg,plastic
1360,train/1360.jpg,others
1361,train/1361.jpg,others
1362,train/1362.jpg,paper
1363,train/1363.jpg,plastic
1364,train/1364.jpg,paper
1365,train/1365.jpg,paper
1366,train/1366.jpg,others
1367,train/1367.jpg,plastic
1368,train/1368.jpg,paper
1369,train/1369.jpg,others
1370,train/1370.jpg,metal
1371,train/1371.jpg,metal
1372,train/1372.jpg,others
1373,train/1373.jpg,plastic
1374,train/1374.jpg,plastic
1375,train/1375.jpg,plastic
1376,train/1376.jpg,carton
1377,train/1377.jpg,carton
1378,train/1378.jpg,metal
1379,train/1379.jpg,plastic
1380,train/1380.jpg,others
1381,train/1381.jpg,paper
1382,train/1382.jpg,paper
1383,train/1383.jpg,carton
1384,train/1384.jpg,plastic
1385,train/1385.jpg,carton
1386,train/1386.jpg,plastic
1387,train/1387.jpg,metal
1388,train/1388.jpg,plastic
1389,train/1389.jpg,plastic
1390,train/1390.jpg,plastic
1391,train/1391.jpg,plastic
1392,train/1392.jpg,carton
1393,train/1393.jpg,plastic
1394,train/1394.jpg,plastic
1395,train/1395.jpg,carton
1396,train/1396.jpg,plastic
1397,train/1397.jpg,paper
1398,train/1398.jpg,plastic
1399,train/1399.jpg,metal
1400,train/1400.jpg,plastic
1401,train/1401.jpg,plastic
1402,train/1402.jpg,paper
1403,train/1403.jpg,plastic
1404,train/1404.jpg,plastic
1405,train/1405.jpg,paper
1406,train/1406.jpg,metal
1407,train/1407.jpg,others
1408,train/1408.jpg,carton
1409,train/1409.jpg,plastic
1410,train/1410.jpg,paper
1411,train/1411.jpg,plastic
1412,train/1412.jpg,plastic
1413,train/1413.jpg,paper
1414,train/1414.jpg,plastic
1415,train/1415.jpg,metal
1416,train/1416.jpg,plastic
1417,train/1417.jpg,carton
1418,train/1418.jpg,metal
1419,train/1419.jpg,others
1420,train/1420.jpg,plastic
1421,train/1421.jpg,carton
1422,train/1422.jpg,carton
1423,train/1423.jpg,plastic
1424,train/1424.jpg,plastic
1425,train/1425.jpg,others
1426,train/1426.jpg,plastic
1427,train/1427.jpg,paper
1428,train/1428.jpg,metal
1429,train/1429.jpg,others
1430,train/1430.jpg,plastic
1431,train/1431.jpg,plastic
1432,train/1432.jpg,plastic
1433,train/1433.jpg,metal
1434,train/1434.jpg,metal
1435,train/1435.jpg,carton
1436,train/1436.jpg,plastic
1437,train/1437.jpg,plastic
1438,train/1438.jpg,others
1439,train/1439.jpg,plastic
1440,train/1440.jpg,others
1441,train/1441.jpg,plastic
1442,train/1442.jpg,paper
1443,train/1443.jpg,carton
1444,train/1444.jpg,plastic
1445,train/1445.jpg,others
1446,train/1446.jpg,carton
1447,train/1447.jpg,metal
1448,train/1448.jpg,carton
1449,train/1449.jpg,paper
1450,train/1450.jpg,metal
1451,train/1451.jpg,others
1452,train/1452.jpg,carton
1453,train/1453.jpg,plastic
1454,train/1454.jpg,metal
1455,train/1455.jpg,plastic
1456,train/1456.jpg,metal
1457,train/1457.jpg,paper
1458,train/1458.jpg,paper
1459,train/1459.jpg,plastic
1460,train/1460.jpg,others
1461,train/1461.jpg,plastic
1462,train/1462.jpg,plastic
1463,train/1463.jpg,paper
1464,train/1464.jpg,plastic
1465,train/1465.jpg,others
1466,train/1466.jpg,plastic
1467,train/1467.jpg,carton
1468,train/1468.jpg,plastic
1469,train/1469.jpg,plastic
1470,train/1470.jpg,others
1471,train/1471.jpg,others
1472,train/1472.jpg,plastic
1473,train/1473.jpg,plastic
1474,train/1474.jpg,plastic
1475,train/1475.jpg,metal
1476,train/1476.jpg,plastic
1477,train/1477.jpg,plastic
1478,train/1478.jpg,plastic
1479,train/1479.jpg,others
1480,train/1480.jpg,carton
1481,train/1481.jpg,others
1482,train/1482.jpg,paper
1483,train/1483.jpg,plastic
1484,train/1484.jpg,others
1485,train/1485.jpg,metal
1486,train/1486.jpg,plastic
1487,train/1487.jpg,plastic
1488,train/1488.jpg,plastic
1489,train/1489.jpg,plastic
1490,train/1490.jpg,paper
1491,train/1491.jpg,carton
1492,train/1492.jpg,carton
1493,train/1493.jpg,metal
1494,train/1494.jpg,plastic
1495,train/1495.jpg,paper
1496,train/1496.jpg,plastic
1497,train/1497.jpg,plastic
1498,train/1498.jpg,plastic
1499,train/1499.jpg,others
1500,train/1500.jpg,paper
1501,train/1501.jpg,others
1502,train/1502.jpg,plastic
1503,train/1503.jpg,plastic
1504,train/1504.jpg,metal
1505,train/1505.jpg,metal
1506,train/1506.jpg,plastic
1507,train/1507.jpg,paper
1508,train/1508.jpg,paper
1509,train/1509.jpg,plastic
1510,train/1510.jpg,plastic
1511,train/1511.jpg,plastic
1512,train/1512.jpg,plastic
1513,train/1513.jpg,plastic
1514,train/1514.jpg,plastic
1515,train/1515.jpg,others
1516,train/1516.jpg,metal
1517,train/1517.jpg,plastic
1518,train/1518.jpg,plastic
1519,train/1519.jpg,others
1520,train/1520.jpg,plastic
1521,train/1521.jpg,metal
1522,train/1522.jpg,carton
1523,train/1523.jpg,plastic
1524,train/1524.jpg,others
1525,train/1525.jpg,plastic
1526,train/1526.jpg,plastic
1527,train/1527.jpg,plastic
1528,train/1528.jpg,paper
1529,train/1529.jpg,paper
1530,train/1530.jpg,metal
1531,train/1531.jpg,plastic
1532,train/1532.jpg,others
1533,train/1533.jpg,metal
1534,train/1534.jpg,plastic
1535,train/1535.jpg,metal
1536,train/1536.jpg,metal
1537,train/1537.jpg,plastic
1538,train/1538.jpg,plastic
1539,train/1539.jpg,plastic
1540,train/1540.jpg,metal
1541,train/1541.jpg,plastic
1542,train/1542.jpg,others
1543,train/1543.jpg,others
1544,train/1544.jpg,plastic
1545,train/1545.jpg,plastic
1546,train/1546.jpg,plastic
1547,train/1547.jpg,plastic
1548,train/1548.jpg,plastic
1549,train/1549.jpg,metal
1550,train/1550.jpg,paper
1551,train/1551.jpg,plastic
1552,train/1552.jpg,plastic
1553,train/1553.jpg,plastic
1554,train/1554.jpg,plastic
1555,train/1555.jpg,carton
1556,train/1556.jpg,plastic
1557,train/1557.jpg,carton
1558,train/1558.jpg,metal
1559,train/1559.jpg,paper
1560,train/1560.jpg,plastic
1561,train/1561.jpg,carton
1562,train/1562.jpg,plastic
1563,train/1563.jpg,metal
1564,train/1564.jpg,paper
1565,train/1565.jpg,others
1566,train/1566.jpg,carton
1567,train/1567.jpg,plastic
1568,train/1568.jpg,plastic
1569,train/1569.jpg,plastic
1570,train/1570.jpg,paper
1571,train/1571.jpg,plastic
1572,train/1572.jpg,paper
1573,train/1573.jpg,metal
1574,train/1574.jpg,carton
1575,train/1575.jpg,metal
1576,train/1576.jpg,plastic
1577,train/1577.jpg,plastic
1578,train/1578.jpg,others
1579,train/1579.jpg,metal
1580,train/1580.jpg,plastic
1581,train/1581.jpg,metal
1582,train/1582.jpg,others
1583,train/1583.jpg,metal
1584,train/1584.jpg,metal
1585,train/1585.jpg,plastic
1586,train/1586.jpg,metal
1587,train/1587.jpg,others
1588,train/1588.jpg,paper
1589,train/1589.jpg,plastic
1590,train/1590.jpg,plastic
1591,train/1591.jpg,carton
1592,train/1592.jpg,carton
1593,train/1593.jpg,plastic
1594,train/1594.jpg,plastic
1595,train/1595.jpg,others
1596,train/1596.jpg,metal
1597,train/1597.jpg,plastic
1598,train/1598.jpg,metal
1599,train/1599.jpg,metal
1600,train/1600.jpg,plastic
1601,train/1601.jpg,carton
1602,train/1602.jpg,plastic
1603,train/1603.jpg,metal
1604,train/1604.jpg,carton
1605,train/1605.jpg,carton
1606,train/1606.jpg,plastic
1607,train/1607.jpg,metal
1608,train/1608.jpg,paper
1609,train/1609.jpg,plastic
1610,train/1610.jpg,metal
1611,train/1611.jpg,paper
1612,train/1612.jpg,metal
1613,train/1613.jpg,metal
1614,train/1614.jpg,plastic
1615,train/1615.jpg,metal
1616,train/1616.jpg,metal
1617,train/1617.jpg,plastic
1618,train/1618.jpg,plastic
1619,train/1619.jpg,metal
1620,train/1620.jpg,plastic
1621,train/1621.jpg,carton
1622,train/1622.jpg,others
1623,train/1623.jpg,plastic
1624,train/1624.jpg,plastic
1625,train/1625.jpg,plastic
1626,train/1626.jpg,metal
1627,train/1627.jpg,plastic
1628,train/1628.jpg,metal
1629,train/1629.jpg,metal
1630,train/1630.jpg,carton
1631,train/1631.jpg,plastic
1632,train/1632.jpg,metal
1633,train/1633.jpg,plastic
1634,train/1634.jpg,plastic
1635,train/1635.jpg,others
1636,train/1636.jpg,metal
1637,train/1637.jpg,plastic
1638,train/1638.jpg,plastic
1639,train/1639.jpg,metal
1640,train/1640.jpg,metal
1641,train/1641.jpg,paper
1642,train/1642.jpg,paper
1643,train/1643.jpg,plastic
1644,train/1644.jpg,plastic
1645,train/1645.jpg,plastic
1646,train/1646.jpg,plastic
1647,train/1647.jpg,plastic
1648,train/1648.jpg,metal
1649,train/1649.jpg,metal
1650,train/1650.jpg,metal
1651,train/1651.jpg,metal
1652,train/1652.jpg,metal
1653,train/1653.jpg,metal
1654,train/1654.jpg,metal
1655,train/1655.jpg,metal
1656,train/1656.jpg,metal
1657,train/1657.jpg,plastic
1658,train/1658.jpg,plastic
1659,train/1659.jpg,plastic
1660,train/1660.jpg,plastic
1661,train/1661.jpg,plastic
1662,train/1662.jpg,plastic
1663,train/1663.jpg,plastic
1664,train/1664.jpg,plastic
1665,train/1665.jpg,plastic
1666,train/1666.jpg,plastic
1667,train/1667.jpg,plastic
1668,train/1668.jpg,plastic
1669,train/1669.jpg,plastic
1670,train/1670.jpg,plastic
1671,train/1671.jpg,plastic
1672,train/1672.jpg,plastic
1673,train/1673.jpg,plastic
1674,train/1674.jpg,plastic
1675,train/1675.jpg,plastic
1676,train/1676.jpg,plastic
1677,train/1677.jpg,plastic
1678,train/1678.jpg,plastic
1679,train/1679.jpg,plastic
1680,train/1680.jpg,plastic
1681,train/1681.jpg,plastic
1682,"train/1682,jpg",plastic
1683,"train/1683,jpg",plastic
1684,"train/1684,jpg",paper
1685,"train/1685,jpg",paper
1686,"train/1686,jpg",paper
1687,"train/1687,jpg",paper
1688,"train/1688,jpg",paper
1689,"train/1689,jpg",paper
1690,"train/1690,jpg",paper
1691,"train/1691,jpg",paper
1692,"train/1692,jpg",paper
1693,"train/1693,jpg",paper
1694,"train/1694,jpg",paper
1695,"train/1695,jpg",plastic
1696,"train/1696,jpg",plastic
1697,"train/1697,jpg",plastic
1698,"train/1698,jpg",plastic
1699,"train/1699,jpg",plastic
1700,"train/1700,jpg",plastic
1701,"train/1701,jpg",plastic
1702,"train/1702,jpg",plastic
1703,"train/1703,jpg",plastic
1704,"train/1704,jpg",plastic
1705,"train/1705,jpg",plastic
1706,"train/1706,jpg",plastic
1707,"train/1707,jpg",plastic
1708,"train/1708,jpg",plastic
1709,"train/1709,jpg",plastic
1710,"train/1710,jpg",plastic
1711,"train/1711,jpg",plastic
1712,"train/1712,jpg",plastic
1713,"train/1713,jpg",plastic
1714,"train/1714,jpg",plastic
1715,"train/1715,jpg",plastic
1716,"train/1716,jpg",plastic
1717,"train/1717,jpg",plastic
1718,"train/1718,jpg",paper
1719,"train/1719,jpg",paper
1720,"train/1720,jpg",paper
1721,"train/1721,jpg",paper
1722,"train/1722,jpg",paper
